-- drop DATABASE advanced_web_programming_website;
BEGIN;
CREATE DATABASE advanced_web_programming_website;

BEGIN;
USE advanced_web_programming_website;

DROP TABLE IF EXISTS users;
CREATE TABLE users (
	UserID varchar(36) NOT NULL,
	UserName varchar(50) NOT NULL UNIQUE,
	FullName varchar(200) default "",
	Pass binary(60),
	GoogleID varchar(25) default "",
	FacebookID varchar(25) default "",
	Email varchar(200) NOT NULL UNIQUE,
	Phone varchar(15) default "",
	Address varchar(200) default "",
	Role enum('student', 'teacher', 'admin', '') NOT NULL,
	CreateTime datetime default CURRENT_TIMESTAMP(),
	IsActivated bool default(0),
	IsLocked bool default(0),
	IsDelete bool default(0),
	PRIMARY KEY(UserID)
)ENGINE=InnoDB DEFAULT CHARSET=utf8 COLLATE=utf8_general_ci;

DROP TABLE IF EXISTS classes;
CREATE TABLE classes (
	ClassID varchar(36) NOT NULL,
	ClassName varchar(100) NOT NULL,
	ClassDescription text,
	Creator varchar(36) NOT NULL,
	CreateTime datetime default CURRENT_TIMESTAMP(),
	Code varchar(10) NOT NULL UNIQUE,
	Link varchar(100) NOT NULL,
	IsClosed bool default(0),
	IsDelete bool default(0),
	FOREIGN KEY (Creator) REFERENCES users(UserID),
	PRIMARY KEY(ClassID)
)ENGINE=InnoDB DEFAULT CHARSET=utf8 COLLATE=utf8_general_ci;

DROP TABLE IF EXISTS class_student_list;
CREATE TABLE class_student_list (
	StudentID varchar(8) NOT NULL,
	ClassID varchar(36) NOT NULL,
	FullName varchar(200) default "",
    FOREIGN KEY (ClassID) REFERENCES classes(ClassID),
	PRIMARY KEY(StudentID, ClassID)
)ENGINE=InnoDB DEFAULT CHARSET=utf8 COLLATE=utf8_general_ci;

DROP TABLE IF EXISTS students;
CREATE TABLE students (
	UserID varchar(36) NOT NULL,
	StudentID varchar(8) NOT NULL UNIQUE,
	FOREIGN KEY (UserID) REFERENCES users(UserID),
	PRIMARY KEY(UserID)
)ENGINE=InnoDB DEFAULT CHARSET=utf8 COLLATE=utf8_general_ci;

DROP TABLE IF EXISTS class_participants;
CREATE TABLE class_participants (
	ClassID varchar(36) NOT NULL,
	UserID varchar(36) NOT NULL,
	FOREIGN KEY (UserID) REFERENCES users(UserID),
	FOREIGN KEY (ClassID) REFERENCES classes(ClassID),
	PRIMARY KEY(ClassID, UserID)
)ENGINE=InnoDB DEFAULT CHARSET=utf8 COLLATE=utf8_general_ci;

DROP TABLE IF EXISTS grade_compositions;
CREATE TABLE grade_compositions (
	GradeCompositionID varchar(36) NOT NULL,
	ClassID varchar(36) NOT NULL,
	GradeCompositionName varchar(100) NOT NULL,
	GradeScale int default(0),
	GradeCompositionOrder int default(0),
	CreateTime datetime default CURRENT_TIMESTAMP(),
	IsDelete bool default(0),
	IsFinalized bool default(0),
	FOREIGN KEY (ClassID) REFERENCES classes(ClassID),
	PRIMARY KEY(GradeCompositionID)
)ENGINE=InnoDB DEFAULT CHARSET=utf8 COLLATE=utf8_general_ci;

DROP TABLE IF EXISTS grades;
CREATE TABLE grades (
	GradeCompositionID varchar(36) NOT NULL,
	StudentID varchar(8) NOT NULL,
	Grade float default(0),
	CreateTime datetime default CURRENT_TIMESTAMP(),
	FOREIGN KEY (StudentID) REFERENCES class_student_list(StudentID),
	FOREIGN KEY (GradeCompositionID) REFERENCES grade_compositions(GradeCompositionID),
	PRIMARY KEY(GradeCompositionID, StudentID)
)ENGINE=InnoDB DEFAULT CHARSET=utf8 COLLATE=utf8_general_ci;

DROP TABLE IF EXISTS overall_grades;
CREATE TABLE overall_grades (
	ClassID varchar(36) NOT NULL,
	StudentID varchar(8) NOT NULL,
	Grade float default(0),
	FOREIGN KEY (StudentID) REFERENCES class_student_list(StudentID),
	FOREIGN KEY (ClassID) REFERENCES classes(ClassID),
	PRIMARY KEY(StudentID, ClassID)
)ENGINE=InnoDB DEFAULT CHARSET=utf8 COLLATE=utf8_general_ci;

DROP TABLE IF EXISTS grade_reviews;
CREATE TABLE grade_reviews (
	GradeCompositionID varchar(36) NOT NULL,
	UserID varchar(36) NOT NULL,
	CurrentGrade float default(0),
	ExpectationGrade float default(0),
	UpdatedGrade float default(0),
	Explanation text,
	IsFinal bool default(0),
	CreateTime datetime default CURRENT_TIMESTAMP(),
	FOREIGN KEY (UserID) REFERENCES users(UserID),
	FOREIGN KEY (GradeCompositionID) REFERENCES grade_compositions(GradeCompositionID),
	PRIMARY KEY(GradeCompositionID, UserID)
)ENGINE=InnoDB DEFAULT CHARSET=utf8 COLLATE=utf8_general_ci;

DROP TABLE IF EXISTS grade_review_comments;
CREATE TABLE grade_review_comments (
	CommentID varchar(36) NOT NULL,
	GradeCompositionID varchar(36) NOT NULL,
	UserID varchar(36) NOT NULL,
	AuthorID varchar(36) NOT NULL,
    CommentContent text,
	CreateTime datetime default CURRENT_TIMESTAMP(),
	FOREIGN KEY (AuthorID) REFERENCES users(UserID),
	FOREIGN KEY (GradeCompositionID, UserID) REFERENCES grade_reviews(GradeCompositionID, UserID),
	PRIMARY KEY(CommentID)
)ENGINE=InnoDB DEFAULT CHARSET=utf8 COLLATE=utf8_general_ci;

DROP TABLE IF EXISTS password_reset_tokens;
CREATE TABLE password_reset_tokens (
	UserID varchar(36) NOT NULL,
	Token varchar(128) NOT NULL,
	FOREIGN KEY (UserID) REFERENCES users(UserID),
	PRIMARY KEY (UserID, Token)
)ENGINE=InnoDB DEFAULT CHARSET=utf8 COLLATE=utf8_general_ci;

DROP TABLE IF EXISTS notifications;
CREATE TABLE notifications (
	NotiID varchar(36) NOT NULL,
	UserID varchar(36) NOT NULL,
	Content text NOT NULL,
	Link text NOT NULL,
	CreateTime datetime default CURRENT_TIMESTAMP(),
	FOREIGN KEY (UserID) REFERENCES users(UserID),
	PRIMARY KEY (NotiID)
)ENGINE=InnoDB DEFAULT CHARSET=utf8 COLLATE=utf8_general_ci;

DROP TABLE IF EXISTS email_activation_codes;
CREATE TABLE email_activation_codes (
	UserID varchar(36) NOT NULL,
	ActivationCode  varchar(128) NOT NULL,
	FOREIGN KEY (UserID) REFERENCES users(UserID),
	PRIMARY KEY (UserID, ActivationCode )
)ENGINE=InnoDB DEFAULT CHARSET=utf8 COLLATE=utf8_general_ci;

LOCK TABLES `users` WRITE;
/*!40000 ALTER TABLE `users` DISABLE KEYS */;
INSERT INTO `users` VALUES ('010d0828-ba12-47a2-ac1f-67d4c3d3bb41','student15','student15',_binary '$2a$10$RJiwObPlIhIQSPNDHbCRnu9Z14xfkepHC8VZfzt2q3TgIBRbyStnW','','','student15@gmail.com','0837234590','24/4/5 Võ Thị Sáu','student','2024-01-06 21:08:16',0,0,0),('16e45063-8614-4884-b137-a8810cf1c315','student4','student4',_binary '$2a$10$/bSnYQY564afAzRzHaab0uv7F2VBl195ZZM9wv7ywSueo/kPzvmZm','','','student4@gmail.com','0937837482','25/10A Thích Quảng Đức','student','2024-01-06 21:05:56',0,0,0),('22bd39e6-0bc7-4273-b333-221bcef6467e','student9','student9',_binary '$2a$10$IoRirColYbb0bkawifKPS.qjsHK4ZM0x19tTxpgoCl7sZY9X1zzyK','','','student9@gmail.com','0903334412','76/5 Nguyễn Văn Trỗi','student','2024-01-06 21:07:20',0,0,0),('2406f8b5-efce-4937-a073-85eeca014556','admin','admin',_binary '$2a$10$K.C09m/9twQNjimD5HYUAeQZPxYP7AH8P7sCDP./FCbnD67yY3jKG','','','admin@gmail.com','','','admin','2024-01-06 21:01:42',0,0,0),('29dd021c-6566-442f-942a-0c8b99e5ac10','student6','student6',_binary '$2a$10$XAo1w30vF5U2O/iCOSgATeNdObd581SgWEQIcoy82peVuYr29F.Ue','','','student6@gmail.com','0811133498','505 Lê Lợi','student','2024-01-06 21:06:17',0,0,0),('4d6bca43-356d-4f2e-8069-7955e0d3fe37','student8','student8',_binary '$2a$10$B1yZgWfTsR8apcg.4hA5I.fi3IbDLeMonSMvq3YlIEoi4H7GmyDD6','','','student8@gmail.com','0868657341','24/56 Quang Trung','student','2024-01-06 21:07:11',0,0,0),('57ee3caa-b166-40cb-be3e-75f953f712ec','student3','student3',_binary '$2a$10$M.j/P4uEA9mHH758dEE3vOy4pgtSS3CZD/VDPlMReE7iCWTrmSzMO','','','student3@gmail.com','0868686769','105 Phùng Văn Cung','student','2024-01-06 21:05:42',0,0,0),('62b8f545-1ea3-46f6-97d5-9474f75c7916','teacher2','teacher2',_binary '$2a$10$JKlsY827aH0PDY0DJYL2eeZxUHxMvwltfECYmqnRb050Q1cMuxPau','','','teacher2@gmail.com','0868670349','287 Phan Đăng Lưu','teacher','2024-01-06 21:11:24',0,0,0),('77295ffd-f7ab-4f65-8d13-774e64e4f5c7','student7','student7',_binary '$2a$10$OYlwJgFfMUPnWc5qlUkduOmoEOKSM9Z2b71VimbyMo/UcKIK10AtK','','','student7@gmail.com','0903632178','1982 Nguyễn Kiệm','student','2024-01-06 21:07:02',0,0,0),('7e65df13-7709-4ef4-81a6-ff50905b93d6','student5','student5',_binary '$2a$10$dVwR5pyNY1diO5UUdy30OuGzkBzU5PnZC7WJI8JdZ/IMkYdEVLjBW','','','student5@gmail.com','0845628325','64 Phan Xích Long','student','2024-01-06 21:06:07',0,0,0),('8174c8c6-22a1-424a-8957-dd85d3e4f8c1','student11','student11',_binary '$2a$10$2GPiEzljEjm0WFTkYukETep6nqjXZbyg0tRayyR1YRqMaoE2yxxeO','','','student11@gmail.com','0897293764','97 Lê Quý Đôn','student','2024-01-06 21:07:42',0,0,0),('92a36ad0-85b8-4bb7-9ce9-cbd32dc2c328','student16','student16',_binary '$2b$10$jrpLfuphvQpyGt1SxNF.3OL/WvfVsbx/Gkd1s4WfTzCLlf2zRKQ.2','','','duy21032002@gmail.com','0978247924','42 Nguyễn Lâm','student','2024-01-07 21:14:55',1,0,0),('94d539b4-8a61-499e-a07a-c45c7b3fd7f4','student10','student10',_binary '$2a$10$KIgRCYuLzeOYBGZkZAH6j.TBK6u1mxIH85WA42LlFgQpfyaP8erFu','','','student10@gmail.com','0908709274','23 Pasteur','student','2024-01-06 21:07:35',0,0,0),('aab9b8bd-a93d-44e9-aa89-e5e8d47a9f3a','student2','student2',_binary '$2a$10$unS/sjVSGlRo2kyR7A2e4uG2.pHsvddiAiYGfU3K8yrY4hJD8Bqke','','','student2@gmail.com','0938792039','52 Nguyễn Huệ','student','2024-01-06 21:05:33',0,0,0),('b2d4f0d6-890a-468e-9409-8733dffedb90','teacher3','teacher3',_binary '$2a$10$3kmfIPSI8IZD8gl9iLTBuedw8Sa9eJWlSv8dl5eCPWf6BHV8OwfLG','','','teacher3@gmail.com','0906793871','36 Hoàng Văn Thụ','teacher','2024-01-06 21:11:32',0,0,0),('b6167735-d1b0-41e8-a13c-3dc251e61b81','student13','student13',_binary '$2a$10$8q74Fufvj2icRLUhLWkQyuunj/JgE.Nac181OoXHHN1i7bOXoWLvW','','','student13@gmail.com','0876346829','357 Lê Tự Tài','student','2024-01-06 21:07:59',0,0,0),('b8994000-7a78-4691-9a1e-6bcd078b09d0','111690621533313873577','Nguyễn Duy Đặng',NULL,'111690621533313873577','','nguyenduy24th@gmail.com','0893839125','505 Nguyễn Kiệm','teacher','2024-01-07 21:09:24',1,0,0),('cf74694c-9976-4e71-b40a-561b34219bba','student12','student12',_binary '$2a$10$NLaMO6fA5/0niAHuE1/i8.zwuo.c/zHURONUNzUToIJUwNu/Rd0Ay','','','student12@gmail.com','0926482043','35 Nam Kỳ Khởi Nghĩa','student','2024-01-06 21:07:50',0,0,0),('e21218b8-2bd3-4939-9089-4245bcd1bd93','teacher1','teacher1',_binary '$2a$10$1Q740s7X/iR8JBsUhxyI/eRUrLKlwFwU8/WE8gQStMZ8SsLwLWBXa','','','teacher1@gmail.com','0938431852','605 Điện Biên Phủ','teacher','2024-01-06 21:11:14',0,0,0),('f41e0c23-319f-47a0-842a-b53a78e35846','student14','student14',_binary '$2a$10$Gjb96UAVOeXvU3Yz.3bG1.ngjh1rLVAyy6yi3I8FGNPcwqxsiyXGa','','','student14@gmail.com','0908327839','4 Lê Duẫn','student','2024-01-06 21:08:08',0,0,0),('f595cdb2-fc83-4143-9704-b4c79051da37','student1','student1',_binary '$2a$10$uWdICxrPYGUXxLGGfcaYM.rKTk3ONFO9eJ4V6j6YF2oJSRRycuTXq','','','student1@gmail.com','0763492494','158 Dương Bá Trạc','student','2024-01-06 21:04:51',0,0,0);
/*!40000 ALTER TABLE `users` ENABLE KEYS */;
UNLOCK TABLES;

LOCK TABLES `classes` WRITE;
/*!40000 ALTER TABLE `classes` DISABLE KEYS */;
INSERT INTO `classes` VALUES ('2693a1d6-6e8d-426b-81ff-9d8bde189621','Lập trình Game','Lập trình Game 2D bằng Unity','e21218b8-2bd3-4939-9089-4245bcd1bd93','2024-01-06 21:21:45','vS4tDq5XBQ','/student/join-class/2693a1d6-6e8d-426b-81ff-9d8bde189621?code=vS4tDq5XBQ',0,0),('34b22a19-2257-404d-a92b-a7656d445158','Lập trình mobile','Lập trình mobile bằng Android Studio','e21218b8-2bd3-4939-9089-4245bcd1bd93','2024-01-06 21:19:35','SsltXXXmkF','/student/join-class/34b22a19-2257-404d-a92b-a7656d445158?code=SsltXXXmkF',0,0),('41564550-363a-4feb-8981-fbea4e3d4cd8','Tư tưởng Hồ Chí Minh','Tư tưởng và đường lối Hồ Chí Minh','b2d4f0d6-890a-468e-9409-8733dffedb90','2024-01-06 21:48:49','83t16QzTYQ','/student/join-class/41564550-363a-4feb-8981-fbea4e3d4cd8?code=83t16QzTYQ',0,0),('51f8ff00-28bf-480d-8b53-d20492a6505d','Lập trình ứng dụng Java','Học các kiến thức cơ bản về Java','62b8f545-1ea3-46f6-97d5-9474f75c7916','2024-01-06 21:41:12','4LOVbgF3GT','/student/join-class/51f8ff00-28bf-480d-8b53-d20492a6505d?code=4LOVbgF3GT',0,0),('6e2b38ad-2014-450a-b9ad-c361dae84d43','Khởi nghiệp','Các kiến thức về khởi nghiệp','b8994000-7a78-4691-9a1e-6bcd078b09d0','2024-01-07 21:09:42','XyKuxXy6s1','/student/join-class/6e2b38ad-2014-450a-b9ad-c361dae84d43?code=XyKuxXy6s1',0,0),('d8cdf1ff-76c3-491c-b84b-2d36b3d7ed16','Nhập môn công nghệ phần mềm','Giới thiệu về môn công nghệ phần mềm','62b8f545-1ea3-46f6-97d5-9474f75c7916','2024-01-06 21:44:49','myqPOWUVpY','/student/join-class/d8cdf1ff-76c3-491c-b84b-2d36b3d7ed16?code=myqPOWUVpY',0,0),('df4330fd-c93b-4113-9e46-ece37cce399c','Thiết kế phần mềm','Học về quy trình thiết kế phần mềm','62b8f545-1ea3-46f6-97d5-9474f75c7916','2024-01-06 21:24:29','JcAzDJBACh','/student/join-class/df4330fd-c93b-4113-9e46-ece37cce399c?code=JcAzDJBACh',0,0);
/*!40000 ALTER TABLE `classes` ENABLE KEYS */;
UNLOCK TABLES;

LOCK TABLES `class_student_list` WRITE;
/*!40000 ALTER TABLE `class_student_list` DISABLE KEYS */;
INSERT INTO `class_student_list` VALUES ('20127001','2693a1d6-6e8d-426b-81ff-9d8bde189621','Ha Quoc Anh'),('20127001','34b22a19-2257-404d-a92b-a7656d445158','Ha Quoc Anh'),('20127001','41564550-363a-4feb-8981-fbea4e3d4cd8','Ha Quoc Anh'),('20127001','51f8ff00-28bf-480d-8b53-d20492a6505d','Ha Quoc Anh'),('20127001','d8cdf1ff-76c3-491c-b84b-2d36b3d7ed16','Ha Quoc Anh'),('20127001','df4330fd-c93b-4113-9e46-ece37cce399c','Ha Quoc Anh'),('20127013','2693a1d6-6e8d-426b-81ff-9d8bde189621','Dang Nguyen Duy'),('20127013','34b22a19-2257-404d-a92b-a7656d445158','Dang Nguyen Duy'),('20127013','41564550-363a-4feb-8981-fbea4e3d4cd8','Dang Nguyen Duy'),('20127013','51f8ff00-28bf-480d-8b53-d20492a6505d','Dang Nguyen Duy'),('20127013','d8cdf1ff-76c3-491c-b84b-2d36b3d7ed16','Dang Nguyen Duy'),('20127013','df4330fd-c93b-4113-9e46-ece37cce399c','Dang Nguyen Duy'),('20127100','2693a1d6-6e8d-426b-81ff-9d8bde189621','Nguyen Trinh Nhu Y'),('20127100','34b22a19-2257-404d-a92b-a7656d445158','Nguyen Trinh Nhu Y'),('20127100','41564550-363a-4feb-8981-fbea4e3d4cd8','Nguyen Trinh Nhu Y'),('20127100','51f8ff00-28bf-480d-8b53-d20492a6505d','Nguyen Trinh Nhu Y'),('20127100','d8cdf1ff-76c3-491c-b84b-2d36b3d7ed16','Nguyen Trinh Nhu Y'),('20127100','df4330fd-c93b-4113-9e46-ece37cce399c','Nguyen Trinh Nhu Y'),('20127343','2693a1d6-6e8d-426b-81ff-9d8bde189621','Pham Ngoc Anh Thu'),('20127343','34b22a19-2257-404d-a92b-a7656d445158','Pham Ngoc Anh Thu'),('20127343','41564550-363a-4feb-8981-fbea4e3d4cd8','Pham Ngoc Anh Thu'),('20127343','51f8ff00-28bf-480d-8b53-d20492a6505d','Pham Ngoc Anh Thu'),('20127343','d8cdf1ff-76c3-491c-b84b-2d36b3d7ed16','Pham Ngoc Anh Thu'),('20127343','df4330fd-c93b-4113-9e46-ece37cce399c','Pham Ngoc Anh Thu'),('20127352','2693a1d6-6e8d-426b-81ff-9d8bde189621','Do Vu Hoang Minh'),('20127352','34b22a19-2257-404d-a92b-a7656d445158','Do Vu Hoang Minh'),('20127352','41564550-363a-4feb-8981-fbea4e3d4cd8','Do Vu Hoang Minh'),('20127352','51f8ff00-28bf-480d-8b53-d20492a6505d','Do Vu Hoang Minh'),('20127352','d8cdf1ff-76c3-491c-b84b-2d36b3d7ed16','Do Vu Hoang Minh'),('20127352','df4330fd-c93b-4113-9e46-ece37cce399c','Do Vu Hoang Minh'),('20127370','2693a1d6-6e8d-426b-81ff-9d8bde189621','Mai Quy Trung'),('20127370','34b22a19-2257-404d-a92b-a7656d445158','Mai Quy Trung'),('20127370','41564550-363a-4feb-8981-fbea4e3d4cd8','Mai Quy Trung'),('20127370','51f8ff00-28bf-480d-8b53-d20492a6505d','Mai Quy Trung'),('20127370','d8cdf1ff-76c3-491c-b84b-2d36b3d7ed16','Mai Quy Trung'),('20127370','df4330fd-c93b-4113-9e46-ece37cce399c','Mai Quy Trung'),('20127376','2693a1d6-6e8d-426b-81ff-9d8bde189621','Tran Nhat Truong'),('20127376','34b22a19-2257-404d-a92b-a7656d445158','Tran Nhat Truong'),('20127376','41564550-363a-4feb-8981-fbea4e3d4cd8','Tran Nhat Truong'),('20127376','51f8ff00-28bf-480d-8b53-d20492a6505d','Tran Nhat Truong'),('20127376','d8cdf1ff-76c3-491c-b84b-2d36b3d7ed16','Tran Nhat Truong'),('20127376','df4330fd-c93b-4113-9e46-ece37cce399c','Tran Nhat Truong'),('20127475','2693a1d6-6e8d-426b-81ff-9d8bde189621','Huynh Mai Anh Trung'),('20127475','34b22a19-2257-404d-a92b-a7656d445158','Huynh Mai Anh Trung'),('20127475','41564550-363a-4feb-8981-fbea4e3d4cd8','Huynh Mai Anh Trung'),('20127475','51f8ff00-28bf-480d-8b53-d20492a6505d','Huynh Mai Anh Trung'),('20127475','d8cdf1ff-76c3-491c-b84b-2d36b3d7ed16','Huynh Mai Anh Trung'),('20127475','df4330fd-c93b-4113-9e46-ece37cce399c','Huynh Mai Anh Trung'),('20127575','2693a1d6-6e8d-426b-81ff-9d8bde189621','Huynh Cao Nguyen'),('20127575','34b22a19-2257-404d-a92b-a7656d445158','Huynh Cao Nguyen'),('20127575','41564550-363a-4feb-8981-fbea4e3d4cd8','Huynh Cao Nguyen'),('20127575','51f8ff00-28bf-480d-8b53-d20492a6505d','Huynh Cao Nguyen'),('20127575','d8cdf1ff-76c3-491c-b84b-2d36b3d7ed16','Huynh Cao Nguyen'),('20127575','df4330fd-c93b-4113-9e46-ece37cce399c','Huynh Cao Nguyen'),('20127592','2693a1d6-6e8d-426b-81ff-9d8bde189621','Do Trung Kien'),('20127592','34b22a19-2257-404d-a92b-a7656d445158','Do Trung Kien'),('20127592','41564550-363a-4feb-8981-fbea4e3d4cd8','Do Trung Kien'),('20127592','51f8ff00-28bf-480d-8b53-d20492a6505d','Do Trung Kien'),('20127592','d8cdf1ff-76c3-491c-b84b-2d36b3d7ed16','Do Trung Kien'),('20127592','df4330fd-c93b-4113-9e46-ece37cce399c','Do Trung Kien'),('20127610','2693a1d6-6e8d-426b-81ff-9d8bde189621','Truong Samuel'),('20127610','34b22a19-2257-404d-a92b-a7656d445158','Truong Samuel'),('20127610','41564550-363a-4feb-8981-fbea4e3d4cd8','Truong Samuel'),('20127610','51f8ff00-28bf-480d-8b53-d20492a6505d','Truong Samuel'),('20127610','d8cdf1ff-76c3-491c-b84b-2d36b3d7ed16','Truong Samuel'),('20127610','df4330fd-c93b-4113-9e46-ece37cce399c','Truong Samuel');
/*!40000 ALTER TABLE `class_student_list` ENABLE KEYS */;
UNLOCK TABLES;

LOCK TABLES `students` WRITE;
/*!40000 ALTER TABLE `students` DISABLE KEYS */;
INSERT INTO `students` VALUES ('f595cdb2-fc83-4143-9704-b4c79051da37','20127001'),('aab9b8bd-a93d-44e9-aa89-e5e8d47a9f3a','20127013'),('16e45063-8614-4884-b137-a8810cf1c315','20127100'),('7e65df13-7709-4ef4-81a6-ff50905b93d6','20127343'),('8174c8c6-22a1-424a-8957-dd85d3e4f8c1','20127352'),('29dd021c-6566-442f-942a-0c8b99e5ac10','20127370'),('77295ffd-f7ab-4f65-8d13-774e64e4f5c7','20127376'),('22bd39e6-0bc7-4273-b333-221bcef6467e','20127475'),('4d6bca43-356d-4f2e-8069-7955e0d3fe37','20127575'),('94d539b4-8a61-499e-a07a-c45c7b3fd7f4','20127592'),('57ee3caa-b166-40cb-be3e-75f953f712ec','20127610');
/*!40000 ALTER TABLE `students` ENABLE KEYS */;
UNLOCK TABLES;

LOCK TABLES `class_participants` WRITE;
/*!40000 ALTER TABLE `class_participants` DISABLE KEYS */;
INSERT INTO `class_participants` VALUES ('2693a1d6-6e8d-426b-81ff-9d8bde189621','16e45063-8614-4884-b137-a8810cf1c315'),('34b22a19-2257-404d-a92b-a7656d445158','16e45063-8614-4884-b137-a8810cf1c315'),('41564550-363a-4feb-8981-fbea4e3d4cd8','16e45063-8614-4884-b137-a8810cf1c315'),('51f8ff00-28bf-480d-8b53-d20492a6505d','16e45063-8614-4884-b137-a8810cf1c315'),('d8cdf1ff-76c3-491c-b84b-2d36b3d7ed16','16e45063-8614-4884-b137-a8810cf1c315'),('df4330fd-c93b-4113-9e46-ece37cce399c','16e45063-8614-4884-b137-a8810cf1c315'),('2693a1d6-6e8d-426b-81ff-9d8bde189621','22bd39e6-0bc7-4273-b333-221bcef6467e'),('34b22a19-2257-404d-a92b-a7656d445158','22bd39e6-0bc7-4273-b333-221bcef6467e'),('41564550-363a-4feb-8981-fbea4e3d4cd8','22bd39e6-0bc7-4273-b333-221bcef6467e'),('51f8ff00-28bf-480d-8b53-d20492a6505d','22bd39e6-0bc7-4273-b333-221bcef6467e'),('d8cdf1ff-76c3-491c-b84b-2d36b3d7ed16','22bd39e6-0bc7-4273-b333-221bcef6467e'),('df4330fd-c93b-4113-9e46-ece37cce399c','22bd39e6-0bc7-4273-b333-221bcef6467e'),('2693a1d6-6e8d-426b-81ff-9d8bde189621','29dd021c-6566-442f-942a-0c8b99e5ac10'),('34b22a19-2257-404d-a92b-a7656d445158','29dd021c-6566-442f-942a-0c8b99e5ac10'),('41564550-363a-4feb-8981-fbea4e3d4cd8','29dd021c-6566-442f-942a-0c8b99e5ac10'),('51f8ff00-28bf-480d-8b53-d20492a6505d','29dd021c-6566-442f-942a-0c8b99e5ac10'),('d8cdf1ff-76c3-491c-b84b-2d36b3d7ed16','29dd021c-6566-442f-942a-0c8b99e5ac10'),('df4330fd-c93b-4113-9e46-ece37cce399c','29dd021c-6566-442f-942a-0c8b99e5ac10'),('2693a1d6-6e8d-426b-81ff-9d8bde189621','4d6bca43-356d-4f2e-8069-7955e0d3fe37'),('34b22a19-2257-404d-a92b-a7656d445158','4d6bca43-356d-4f2e-8069-7955e0d3fe37'),('41564550-363a-4feb-8981-fbea4e3d4cd8','4d6bca43-356d-4f2e-8069-7955e0d3fe37'),('51f8ff00-28bf-480d-8b53-d20492a6505d','4d6bca43-356d-4f2e-8069-7955e0d3fe37'),('d8cdf1ff-76c3-491c-b84b-2d36b3d7ed16','4d6bca43-356d-4f2e-8069-7955e0d3fe37'),('df4330fd-c93b-4113-9e46-ece37cce399c','4d6bca43-356d-4f2e-8069-7955e0d3fe37'),('2693a1d6-6e8d-426b-81ff-9d8bde189621','57ee3caa-b166-40cb-be3e-75f953f712ec'),('34b22a19-2257-404d-a92b-a7656d445158','57ee3caa-b166-40cb-be3e-75f953f712ec'),('41564550-363a-4feb-8981-fbea4e3d4cd8','57ee3caa-b166-40cb-be3e-75f953f712ec'),('51f8ff00-28bf-480d-8b53-d20492a6505d','57ee3caa-b166-40cb-be3e-75f953f712ec'),('d8cdf1ff-76c3-491c-b84b-2d36b3d7ed16','57ee3caa-b166-40cb-be3e-75f953f712ec'),('df4330fd-c93b-4113-9e46-ece37cce399c','57ee3caa-b166-40cb-be3e-75f953f712ec'),('2693a1d6-6e8d-426b-81ff-9d8bde189621','77295ffd-f7ab-4f65-8d13-774e64e4f5c7'),('34b22a19-2257-404d-a92b-a7656d445158','77295ffd-f7ab-4f65-8d13-774e64e4f5c7'),('41564550-363a-4feb-8981-fbea4e3d4cd8','77295ffd-f7ab-4f65-8d13-774e64e4f5c7'),('51f8ff00-28bf-480d-8b53-d20492a6505d','77295ffd-f7ab-4f65-8d13-774e64e4f5c7'),('d8cdf1ff-76c3-491c-b84b-2d36b3d7ed16','77295ffd-f7ab-4f65-8d13-774e64e4f5c7'),('df4330fd-c93b-4113-9e46-ece37cce399c','77295ffd-f7ab-4f65-8d13-774e64e4f5c7'),('2693a1d6-6e8d-426b-81ff-9d8bde189621','7e65df13-7709-4ef4-81a6-ff50905b93d6'),('34b22a19-2257-404d-a92b-a7656d445158','7e65df13-7709-4ef4-81a6-ff50905b93d6'),('41564550-363a-4feb-8981-fbea4e3d4cd8','7e65df13-7709-4ef4-81a6-ff50905b93d6'),('51f8ff00-28bf-480d-8b53-d20492a6505d','7e65df13-7709-4ef4-81a6-ff50905b93d6'),('d8cdf1ff-76c3-491c-b84b-2d36b3d7ed16','7e65df13-7709-4ef4-81a6-ff50905b93d6'),('df4330fd-c93b-4113-9e46-ece37cce399c','7e65df13-7709-4ef4-81a6-ff50905b93d6'),('2693a1d6-6e8d-426b-81ff-9d8bde189621','8174c8c6-22a1-424a-8957-dd85d3e4f8c1'),('34b22a19-2257-404d-a92b-a7656d445158','8174c8c6-22a1-424a-8957-dd85d3e4f8c1'),('41564550-363a-4feb-8981-fbea4e3d4cd8','8174c8c6-22a1-424a-8957-dd85d3e4f8c1'),('51f8ff00-28bf-480d-8b53-d20492a6505d','8174c8c6-22a1-424a-8957-dd85d3e4f8c1'),('d8cdf1ff-76c3-491c-b84b-2d36b3d7ed16','8174c8c6-22a1-424a-8957-dd85d3e4f8c1'),('df4330fd-c93b-4113-9e46-ece37cce399c','8174c8c6-22a1-424a-8957-dd85d3e4f8c1'),('2693a1d6-6e8d-426b-81ff-9d8bde189621','94d539b4-8a61-499e-a07a-c45c7b3fd7f4'),('34b22a19-2257-404d-a92b-a7656d445158','94d539b4-8a61-499e-a07a-c45c7b3fd7f4'),('41564550-363a-4feb-8981-fbea4e3d4cd8','94d539b4-8a61-499e-a07a-c45c7b3fd7f4'),('51f8ff00-28bf-480d-8b53-d20492a6505d','94d539b4-8a61-499e-a07a-c45c7b3fd7f4'),('d8cdf1ff-76c3-491c-b84b-2d36b3d7ed16','94d539b4-8a61-499e-a07a-c45c7b3fd7f4'),('df4330fd-c93b-4113-9e46-ece37cce399c','94d539b4-8a61-499e-a07a-c45c7b3fd7f4'),('2693a1d6-6e8d-426b-81ff-9d8bde189621','aab9b8bd-a93d-44e9-aa89-e5e8d47a9f3a'),('34b22a19-2257-404d-a92b-a7656d445158','aab9b8bd-a93d-44e9-aa89-e5e8d47a9f3a'),('41564550-363a-4feb-8981-fbea4e3d4cd8','aab9b8bd-a93d-44e9-aa89-e5e8d47a9f3a'),('51f8ff00-28bf-480d-8b53-d20492a6505d','aab9b8bd-a93d-44e9-aa89-e5e8d47a9f3a'),('d8cdf1ff-76c3-491c-b84b-2d36b3d7ed16','aab9b8bd-a93d-44e9-aa89-e5e8d47a9f3a'),('df4330fd-c93b-4113-9e46-ece37cce399c','aab9b8bd-a93d-44e9-aa89-e5e8d47a9f3a'),('2693a1d6-6e8d-426b-81ff-9d8bde189621','f595cdb2-fc83-4143-9704-b4c79051da37'),('34b22a19-2257-404d-a92b-a7656d445158','f595cdb2-fc83-4143-9704-b4c79051da37'),('41564550-363a-4feb-8981-fbea4e3d4cd8','f595cdb2-fc83-4143-9704-b4c79051da37'),('51f8ff00-28bf-480d-8b53-d20492a6505d','f595cdb2-fc83-4143-9704-b4c79051da37'),('d8cdf1ff-76c3-491c-b84b-2d36b3d7ed16','f595cdb2-fc83-4143-9704-b4c79051da37'),('df4330fd-c93b-4113-9e46-ece37cce399c','f595cdb2-fc83-4143-9704-b4c79051da37');
/*!40000 ALTER TABLE `class_participants` ENABLE KEYS */;
UNLOCK TABLES;

LOCK TABLES `email_activation_codes` WRITE;
/*!40000 ALTER TABLE `email_activation_codes` DISABLE KEYS */;
INSERT INTO `email_activation_codes` VALUES ('92a36ad0-85b8-4bb7-9ce9-cbd32dc2c328','946330'),('b8994000-7a78-4691-9a1e-6bcd078b09d0','121808'),('b8994000-7a78-4691-9a1e-6bcd078b09d0','290746'),('b8994000-7a78-4691-9a1e-6bcd078b09d0','503990'),('b8994000-7a78-4691-9a1e-6bcd078b09d0','987611');
/*!40000 ALTER TABLE `email_activation_codes` ENABLE KEYS */;
UNLOCK TABLES;

LOCK TABLES `grade_compositions` WRITE;
/*!40000 ALTER TABLE `grade_compositions` DISABLE KEYS */;
INSERT INTO `grade_compositions` VALUES ('0370cd56-594c-4ba0-8de7-6fed02369784','df4330fd-c93b-4113-9e46-ece37cce399c','BT2',5,2,'2024-01-06 21:42:07',0,0),('049ba522-59ec-409b-a548-ad6159776a1c','d8cdf1ff-76c3-491c-b84b-2d36b3d7ed16','BT Cá nhân 1',10,2,'2024-01-06 21:46:20',0,0),('0dbb56fe-f677-4f8e-bf77-c512dd9066e6','41564550-363a-4feb-8981-fbea4e3d4cd8','GK',20,5,'2024-01-06 22:05:59',0,0),('14b8da1f-dae8-4f91-8ae9-b339aca2e9f2','34b22a19-2257-404d-a92b-a7656d445158','BTLT1',10,1,'2024-01-06 21:21:03',0,1),('159508a1-d710-4daa-a433-46909f4ad6b6','df4330fd-c93b-4113-9e46-ece37cce399c','BT4',5,4,'2024-01-06 21:42:07',0,0),('237fcd9a-00df-4971-b297-82b6acccf9de','2693a1d6-6e8d-426b-81ff-9d8bde189621','CK',40,5,'2024-01-06 21:22:53',0,1),('244b052d-6f37-4d16-83a7-bb72152df627','2693a1d6-6e8d-426b-81ff-9d8bde189621','BTVN2',10,2,'2024-01-06 21:23:16',0,1),('28f883bf-ea14-44ba-9ea0-1cf4659a55a0','51f8ff00-28bf-480d-8b53-d20492a6505d','CK',40,6,'2024-01-06 21:43:47',0,0),('295ed02c-9ccf-4bc4-973b-c49d6b3a5171','51f8ff00-28bf-480d-8b53-d20492a6505d','BTTL2',5,2,'2024-01-06 21:43:47',0,0),('2ab64508-476a-454b-87fd-8d911e6c48c2','34b22a19-2257-404d-a92b-a7656d445158','GKLT',20,3,'2024-01-06 21:21:03',0,0),('2cdf17d5-6d37-471e-9483-a852fa9664de','df4330fd-c93b-4113-9e46-ece37cce399c','GK',20,5,'2024-01-06 21:42:07',0,0),('3325a334-0def-4337-b8ef-39c93859e07f','2693a1d6-6e8d-426b-81ff-9d8bde189621','BTVN1',10,1,'2024-01-06 21:22:53',0,1),('336e6d3a-1ca8-4f63-8d73-03ea37c24961','51f8ff00-28bf-480d-8b53-d20492a6505d','BTTL1',5,1,'2024-01-06 21:43:47',0,0),('33bfbef5-4d85-499e-bcab-6bfb945f25dd','51f8ff00-28bf-480d-8b53-d20492a6505d','BTVN2',5,4,'2024-01-06 21:43:47',0,0),('382b22ed-7bf2-4236-b614-94871feb3fd0','41564550-363a-4feb-8981-fbea4e3d4cd8','Thuyết trình nhóm',10,3,'2024-01-06 22:05:59',0,1),('43a16e99-7405-40db-aec7-ee2b1ad5e8fd','d8cdf1ff-76c3-491c-b84b-2d36b3d7ed16','CK',40,5,'2024-01-06 21:46:20',0,0),('5cb0f0d0-d03a-4a42-8a4a-c80183cb6dcf','2693a1d6-6e8d-426b-81ff-9d8bde189621','Đồ án',20,4,'2024-01-06 21:22:53',0,1),('617ed4e6-2946-40c9-83ca-c5a0d94cad47','34b22a19-2257-404d-a92b-a7656d445158','CKTH',20,5,'2024-01-06 21:21:03',0,0),('67f915ca-b941-4406-9059-8b6d334aa912','2693a1d6-6e8d-426b-81ff-9d8bde189621','GK',20,3,'2024-01-06 21:22:53',0,1),('7249ad63-578c-48f0-8799-cbea2fda0091','d8cdf1ff-76c3-491c-b84b-2d36b3d7ed16','GK',20,4,'2024-01-06 21:46:20',0,1),('7afc9d06-e615-4bdf-b61f-5662298e4797','df4330fd-c93b-4113-9e46-ece37cce399c','Đồ án',60,6,'2024-01-06 21:42:07',0,0),('889f5923-c396-4099-ad97-55a093070e7c','df4330fd-c93b-4113-9e46-ece37cce399c','BT3',5,3,'2024-01-06 21:42:07',0,0),('8985ad06-15ec-435d-a656-f21490b6d842','d8cdf1ff-76c3-491c-b84b-2d36b3d7ed16','BT Cá nhân 2',10,3,'2024-01-06 21:46:20',0,0),('8edc2ba0-616e-4687-a0fe-6ef4f0e418ce','51f8ff00-28bf-480d-8b53-d20492a6505d','Đồ án',20,7,'2024-01-06 21:43:47',0,0),('8faff943-fb74-4980-9d29-06b0afc651b1','2693a1d6-6e8d-426b-81ff-9d8bde189621','Điểm cộng',10,6,'2024-01-06 21:22:53',0,1),('9c31bbc3-16a3-46e6-9efc-1f8917fa0ad4','51f8ff00-28bf-480d-8b53-d20492a6505d','Chuyên cần',10,8,'2024-01-06 21:43:47',0,0),('b9c753e5-999d-4968-834c-8c30d2031cfd','34b22a19-2257-404d-a92b-a7656d445158','BTLT2',10,2,'2024-01-06 21:21:03',0,1),('c6f8d046-e17d-41ba-8c2b-b8081514470f','41564550-363a-4feb-8981-fbea4e3d4cd8','BTTL1',5,1,'2024-01-06 22:05:59',0,0),('cc6a473f-65ea-448f-bfcd-3b7f0c53c953','41564550-363a-4feb-8981-fbea4e3d4cd8','BTTL2',5,2,'2024-01-06 22:05:59',0,0),('cd2edeb3-8e8c-48d9-bbf8-4cd7a649e330','51f8ff00-28bf-480d-8b53-d20492a6505d','GK',20,5,'2024-01-06 21:43:47',0,0),('d051b07c-2687-4bec-b1a1-ec916c9f31fe','34b22a19-2257-404d-a92b-a7656d445158','CKLT',40,4,'2024-01-06 21:21:03',0,0),('d1b721ab-01dd-4907-ba94-9cfb9cefaee0','d8cdf1ff-76c3-491c-b84b-2d36b3d7ed16','BT Nhóm',20,1,'2024-01-06 21:46:20',0,0),('df2c8c97-c1c4-4d8f-8932-8c6bbf465e34','41564550-363a-4feb-8981-fbea4e3d4cd8','Video',10,4,'2024-01-06 22:05:59',0,1),('ec5135ec-a013-4ff3-b865-bc71bb11a96f','df4330fd-c93b-4113-9e46-ece37cce399c','BT1',5,1,'2024-01-06 21:42:07',0,0),('ef0d7c5b-b883-4f61-ac09-c0259c362e80','51f8ff00-28bf-480d-8b53-d20492a6505d','BTVN1',5,3,'2024-01-06 21:43:47',0,0),('ff0c00b5-396b-414b-a226-eca56f17d57c','41564550-363a-4feb-8981-fbea4e3d4cd8','CK',50,6,'2024-01-06 22:05:59',0,0);
/*!40000 ALTER TABLE `grade_compositions` ENABLE KEYS */;
UNLOCK TABLES;

LOCK TABLES `grades` WRITE;
/*!40000 ALTER TABLE `grades` DISABLE KEYS */;
INSERT INTO `grades` VALUES ('0370cd56-594c-4ba0-8de7-6fed02369784','20127001',0,'2024-01-07 21:04:53'),('0370cd56-594c-4ba0-8de7-6fed02369784','20127013',0,'2024-01-07 21:04:53'),('0370cd56-594c-4ba0-8de7-6fed02369784','20127100',0,'2024-01-07 21:04:53'),('0370cd56-594c-4ba0-8de7-6fed02369784','20127343',0,'2024-01-07 21:04:53'),('0370cd56-594c-4ba0-8de7-6fed02369784','20127352',0,'2024-01-07 21:04:53'),('0370cd56-594c-4ba0-8de7-6fed02369784','20127370',0,'2024-01-07 21:04:53'),('0370cd56-594c-4ba0-8de7-6fed02369784','20127376',0,'2024-01-07 21:04:53'),('0370cd56-594c-4ba0-8de7-6fed02369784','20127475',0,'2024-01-07 21:04:53'),('0370cd56-594c-4ba0-8de7-6fed02369784','20127575',0,'2024-01-07 21:04:53'),('0370cd56-594c-4ba0-8de7-6fed02369784','20127592',0,'2024-01-07 21:04:53'),('0370cd56-594c-4ba0-8de7-6fed02369784','20127610',0,'2024-01-07 21:04:53'),('049ba522-59ec-409b-a548-ad6159776a1c','20127001',0,'2024-01-07 21:01:19'),('049ba522-59ec-409b-a548-ad6159776a1c','20127013',0,'2024-01-07 21:01:19'),('049ba522-59ec-409b-a548-ad6159776a1c','20127100',0,'2024-01-07 21:01:19'),('049ba522-59ec-409b-a548-ad6159776a1c','20127343',0,'2024-01-07 21:01:19'),('049ba522-59ec-409b-a548-ad6159776a1c','20127352',0,'2024-01-07 21:01:19'),('049ba522-59ec-409b-a548-ad6159776a1c','20127370',0,'2024-01-07 21:01:19'),('049ba522-59ec-409b-a548-ad6159776a1c','20127376',0,'2024-01-07 21:01:19'),('049ba522-59ec-409b-a548-ad6159776a1c','20127475',0,'2024-01-07 21:01:19'),('049ba522-59ec-409b-a548-ad6159776a1c','20127575',0,'2024-01-07 21:01:19'),('049ba522-59ec-409b-a548-ad6159776a1c','20127592',0,'2024-01-07 21:01:19'),('049ba522-59ec-409b-a548-ad6159776a1c','20127610',0,'2024-01-07 21:01:19'),('0dbb56fe-f677-4f8e-bf77-c512dd9066e6','20127001',0,'2024-01-07 21:06:21'),('0dbb56fe-f677-4f8e-bf77-c512dd9066e6','20127013',0,'2024-01-07 21:06:21'),('0dbb56fe-f677-4f8e-bf77-c512dd9066e6','20127100',0,'2024-01-07 21:06:21'),('0dbb56fe-f677-4f8e-bf77-c512dd9066e6','20127343',0,'2024-01-07 21:06:21'),('0dbb56fe-f677-4f8e-bf77-c512dd9066e6','20127352',0,'2024-01-07 21:06:21'),('0dbb56fe-f677-4f8e-bf77-c512dd9066e6','20127370',0,'2024-01-07 21:06:21'),('0dbb56fe-f677-4f8e-bf77-c512dd9066e6','20127376',0,'2024-01-07 21:06:21'),('0dbb56fe-f677-4f8e-bf77-c512dd9066e6','20127475',0,'2024-01-07 21:06:21'),('0dbb56fe-f677-4f8e-bf77-c512dd9066e6','20127575',0,'2024-01-07 21:06:21'),('0dbb56fe-f677-4f8e-bf77-c512dd9066e6','20127592',0,'2024-01-07 21:06:21'),('0dbb56fe-f677-4f8e-bf77-c512dd9066e6','20127610',0,'2024-01-07 21:06:21'),('14b8da1f-dae8-4f91-8ae9-b339aca2e9f2','20127001',8,'2024-01-07 20:56:45'),('14b8da1f-dae8-4f91-8ae9-b339aca2e9f2','20127013',8,'2024-01-07 20:56:45'),('14b8da1f-dae8-4f91-8ae9-b339aca2e9f2','20127100',8,'2024-01-07 20:56:45'),('14b8da1f-dae8-4f91-8ae9-b339aca2e9f2','20127343',8,'2024-01-07 20:56:45'),('14b8da1f-dae8-4f91-8ae9-b339aca2e9f2','20127352',8,'2024-01-07 20:56:45'),('14b8da1f-dae8-4f91-8ae9-b339aca2e9f2','20127370',8,'2024-01-07 20:56:45'),('14b8da1f-dae8-4f91-8ae9-b339aca2e9f2','20127376',8,'2024-01-07 20:56:45'),('14b8da1f-dae8-4f91-8ae9-b339aca2e9f2','20127475',8,'2024-01-07 20:56:45'),('14b8da1f-dae8-4f91-8ae9-b339aca2e9f2','20127575',8,'2024-01-07 20:56:45'),('14b8da1f-dae8-4f91-8ae9-b339aca2e9f2','20127592',8,'2024-01-07 20:56:45'),('14b8da1f-dae8-4f91-8ae9-b339aca2e9f2','20127610',8,'2024-01-07 20:56:45'),('159508a1-d710-4daa-a433-46909f4ad6b6','20127001',0,'2024-01-07 21:04:53'),('159508a1-d710-4daa-a433-46909f4ad6b6','20127013',0,'2024-01-07 21:04:53'),('159508a1-d710-4daa-a433-46909f4ad6b6','20127100',0,'2024-01-07 21:04:53'),('159508a1-d710-4daa-a433-46909f4ad6b6','20127343',0,'2024-01-07 21:04:53'),('159508a1-d710-4daa-a433-46909f4ad6b6','20127352',0,'2024-01-07 21:04:53'),('159508a1-d710-4daa-a433-46909f4ad6b6','20127370',0,'2024-01-07 21:04:53'),('159508a1-d710-4daa-a433-46909f4ad6b6','20127376',0,'2024-01-07 21:04:53'),('159508a1-d710-4daa-a433-46909f4ad6b6','20127475',0,'2024-01-07 21:04:53'),('159508a1-d710-4daa-a433-46909f4ad6b6','20127575',0,'2024-01-07 21:04:53'),('159508a1-d710-4daa-a433-46909f4ad6b6','20127592',0,'2024-01-07 21:04:53'),('159508a1-d710-4daa-a433-46909f4ad6b6','20127610',0,'2024-01-07 21:04:53'),('237fcd9a-00df-4971-b297-82b6acccf9de','20127001',8,'2024-01-07 15:34:53'),('237fcd9a-00df-4971-b297-82b6acccf9de','20127013',9,'2024-01-07 15:34:53'),('237fcd9a-00df-4971-b297-82b6acccf9de','20127100',9.5,'2024-01-07 15:34:53'),('237fcd9a-00df-4971-b297-82b6acccf9de','20127343',8,'2024-01-07 15:34:53'),('237fcd9a-00df-4971-b297-82b6acccf9de','20127352',7,'2024-01-07 15:34:53'),('237fcd9a-00df-4971-b297-82b6acccf9de','20127370',9,'2024-01-07 15:34:53'),('237fcd9a-00df-4971-b297-82b6acccf9de','20127376',9,'2024-01-07 15:34:53'),('237fcd9a-00df-4971-b297-82b6acccf9de','20127475',8,'2024-01-07 15:34:53'),('237fcd9a-00df-4971-b297-82b6acccf9de','20127575',9,'2024-01-07 15:34:53'),('237fcd9a-00df-4971-b297-82b6acccf9de','20127592',9,'2024-01-07 15:34:53'),('237fcd9a-00df-4971-b297-82b6acccf9de','20127610',9,'2024-01-07 15:34:53'),('244b052d-6f37-4d16-83a7-bb72152df627','20127001',10,'2024-01-07 15:34:52'),('244b052d-6f37-4d16-83a7-bb72152df627','20127013',10,'2024-01-07 15:34:52'),('244b052d-6f37-4d16-83a7-bb72152df627','20127100',10,'2024-01-07 15:34:52'),('244b052d-6f37-4d16-83a7-bb72152df627','20127343',9,'2024-01-07 15:34:52'),('244b052d-6f37-4d16-83a7-bb72152df627','20127352',9.5,'2024-01-07 15:34:52'),('244b052d-6f37-4d16-83a7-bb72152df627','20127370',10,'2024-01-07 15:34:52'),('244b052d-6f37-4d16-83a7-bb72152df627','20127376',10,'2024-01-07 15:34:52'),('244b052d-6f37-4d16-83a7-bb72152df627','20127475',9,'2024-01-07 15:34:52'),('244b052d-6f37-4d16-83a7-bb72152df627','20127575',9,'2024-01-07 15:34:52'),('244b052d-6f37-4d16-83a7-bb72152df627','20127592',9.5,'2024-01-07 15:34:52'),('244b052d-6f37-4d16-83a7-bb72152df627','20127610',9,'2024-01-07 15:34:52'),('2ab64508-476a-454b-87fd-8d911e6c48c2','20127001',0,'2024-01-07 20:56:45'),('2ab64508-476a-454b-87fd-8d911e6c48c2','20127013',0,'2024-01-07 20:56:45'),('2ab64508-476a-454b-87fd-8d911e6c48c2','20127100',0,'2024-01-07 20:56:45'),('2ab64508-476a-454b-87fd-8d911e6c48c2','20127343',0,'2024-01-07 20:56:45'),('2ab64508-476a-454b-87fd-8d911e6c48c2','20127352',0,'2024-01-07 20:56:45'),('2ab64508-476a-454b-87fd-8d911e6c48c2','20127370',0,'2024-01-07 20:56:45'),('2ab64508-476a-454b-87fd-8d911e6c48c2','20127376',0,'2024-01-07 20:56:45'),('2ab64508-476a-454b-87fd-8d911e6c48c2','20127475',0,'2024-01-07 20:56:45'),('2ab64508-476a-454b-87fd-8d911e6c48c2','20127575',0,'2024-01-07 20:56:45'),('2ab64508-476a-454b-87fd-8d911e6c48c2','20127592',0,'2024-01-07 20:56:45'),('2ab64508-476a-454b-87fd-8d911e6c48c2','20127610',0,'2024-01-07 20:56:45'),('2cdf17d5-6d37-471e-9483-a852fa9664de','20127001',0,'2024-01-07 21:04:53'),('2cdf17d5-6d37-471e-9483-a852fa9664de','20127013',0,'2024-01-07 21:04:53'),('2cdf17d5-6d37-471e-9483-a852fa9664de','20127100',0,'2024-01-07 21:04:53'),('2cdf17d5-6d37-471e-9483-a852fa9664de','20127343',0,'2024-01-07 21:04:53'),('2cdf17d5-6d37-471e-9483-a852fa9664de','20127352',0,'2024-01-07 21:04:53'),('2cdf17d5-6d37-471e-9483-a852fa9664de','20127370',0,'2024-01-07 21:04:53'),('2cdf17d5-6d37-471e-9483-a852fa9664de','20127376',0,'2024-01-07 21:04:53'),('2cdf17d5-6d37-471e-9483-a852fa9664de','20127475',0,'2024-01-07 21:04:53'),('2cdf17d5-6d37-471e-9483-a852fa9664de','20127575',0,'2024-01-07 21:04:53'),('2cdf17d5-6d37-471e-9483-a852fa9664de','20127592',0,'2024-01-07 21:04:53'),('2cdf17d5-6d37-471e-9483-a852fa9664de','20127610',0,'2024-01-07 21:04:53'),('3325a334-0def-4337-b8ef-39c93859e07f','20127001',9,'2024-01-07 15:33:15'),('3325a334-0def-4337-b8ef-39c93859e07f','20127013',9.3,'2024-01-07 15:33:15'),('3325a334-0def-4337-b8ef-39c93859e07f','20127100',9.5,'2024-01-07 15:33:15'),('3325a334-0def-4337-b8ef-39c93859e07f','20127343',9.4,'2024-01-07 15:33:15'),('3325a334-0def-4337-b8ef-39c93859e07f','20127352',8.5,'2024-01-07 15:33:15'),('3325a334-0def-4337-b8ef-39c93859e07f','20127370',9,'2024-01-07 15:33:15'),('3325a334-0def-4337-b8ef-39c93859e07f','20127376',9.2,'2024-01-07 15:33:15'),('3325a334-0def-4337-b8ef-39c93859e07f','20127475',10,'2024-01-07 15:33:15'),('3325a334-0def-4337-b8ef-39c93859e07f','20127575',9.6,'2024-01-07 15:33:15'),('3325a334-0def-4337-b8ef-39c93859e07f','20127592',9,'2024-01-07 15:33:15'),('3325a334-0def-4337-b8ef-39c93859e07f','20127610',9.3,'2024-01-07 15:33:15'),('382b22ed-7bf2-4236-b614-94871feb3fd0','20127001',10,'2024-01-07 21:06:21'),('382b22ed-7bf2-4236-b614-94871feb3fd0','20127013',10,'2024-01-07 21:06:21'),('382b22ed-7bf2-4236-b614-94871feb3fd0','20127100',10,'2024-01-07 21:06:21'),('382b22ed-7bf2-4236-b614-94871feb3fd0','20127343',10,'2024-01-07 21:06:21'),('382b22ed-7bf2-4236-b614-94871feb3fd0','20127352',10,'2024-01-07 21:06:21'),('382b22ed-7bf2-4236-b614-94871feb3fd0','20127370',10,'2024-01-07 21:06:21'),('382b22ed-7bf2-4236-b614-94871feb3fd0','20127376',10,'2024-01-07 21:06:21'),('382b22ed-7bf2-4236-b614-94871feb3fd0','20127475',10,'2024-01-07 21:06:21'),('382b22ed-7bf2-4236-b614-94871feb3fd0','20127575',10,'2024-01-07 21:06:21'),('382b22ed-7bf2-4236-b614-94871feb3fd0','20127592',9,'2024-01-07 21:06:21'),('382b22ed-7bf2-4236-b614-94871feb3fd0','20127610',10,'2024-01-07 21:06:21'),('43a16e99-7405-40db-aec7-ee2b1ad5e8fd','20127001',10,'2024-01-07 21:01:19'),('43a16e99-7405-40db-aec7-ee2b1ad5e8fd','20127013',9,'2024-01-07 21:01:19'),('43a16e99-7405-40db-aec7-ee2b1ad5e8fd','20127100',9,'2024-01-07 21:01:19'),('43a16e99-7405-40db-aec7-ee2b1ad5e8fd','20127343',9.5,'2024-01-07 21:01:19'),('43a16e99-7405-40db-aec7-ee2b1ad5e8fd','20127352',9.5,'2024-01-07 21:01:19'),('43a16e99-7405-40db-aec7-ee2b1ad5e8fd','20127370',9.5,'2024-01-07 21:01:19'),('43a16e99-7405-40db-aec7-ee2b1ad5e8fd','20127376',8,'2024-01-07 21:01:19'),('43a16e99-7405-40db-aec7-ee2b1ad5e8fd','20127475',8,'2024-01-07 21:01:19'),('43a16e99-7405-40db-aec7-ee2b1ad5e8fd','20127575',9,'2024-01-07 21:01:19'),('43a16e99-7405-40db-aec7-ee2b1ad5e8fd','20127592',8,'2024-01-07 21:01:19'),('43a16e99-7405-40db-aec7-ee2b1ad5e8fd','20127610',9,'2024-01-07 21:01:19'),('5cb0f0d0-d03a-4a42-8a4a-c80183cb6dcf','20127001',10,'2024-01-07 15:34:53'),('5cb0f0d0-d03a-4a42-8a4a-c80183cb6dcf','20127013',10,'2024-01-07 15:34:52'),('5cb0f0d0-d03a-4a42-8a4a-c80183cb6dcf','20127100',10,'2024-01-07 15:34:52'),('5cb0f0d0-d03a-4a42-8a4a-c80183cb6dcf','20127343',10,'2024-01-07 15:34:53'),('5cb0f0d0-d03a-4a42-8a4a-c80183cb6dcf','20127352',9,'2024-01-07 15:34:53'),('5cb0f0d0-d03a-4a42-8a4a-c80183cb6dcf','20127370',9.5,'2024-01-07 15:34:53'),('5cb0f0d0-d03a-4a42-8a4a-c80183cb6dcf','20127376',9.5,'2024-01-07 15:34:53'),('5cb0f0d0-d03a-4a42-8a4a-c80183cb6dcf','20127475',9,'2024-01-07 15:34:53'),('5cb0f0d0-d03a-4a42-8a4a-c80183cb6dcf','20127575',9.5,'2024-01-07 15:34:53'),('5cb0f0d0-d03a-4a42-8a4a-c80183cb6dcf','20127592',9,'2024-01-07 15:34:53'),('5cb0f0d0-d03a-4a42-8a4a-c80183cb6dcf','20127610',9.5,'2024-01-07 15:34:53'),('617ed4e6-2946-40c9-83ca-c5a0d94cad47','20127001',0,'2024-01-07 20:56:45'),('617ed4e6-2946-40c9-83ca-c5a0d94cad47','20127013',0,'2024-01-07 20:56:45'),('617ed4e6-2946-40c9-83ca-c5a0d94cad47','20127100',0,'2024-01-07 20:56:45'),('617ed4e6-2946-40c9-83ca-c5a0d94cad47','20127343',0,'2024-01-07 20:56:45'),('617ed4e6-2946-40c9-83ca-c5a0d94cad47','20127352',0,'2024-01-07 20:56:45'),('617ed4e6-2946-40c9-83ca-c5a0d94cad47','20127370',0,'2024-01-07 20:56:45'),('617ed4e6-2946-40c9-83ca-c5a0d94cad47','20127376',0,'2024-01-07 20:56:45'),('617ed4e6-2946-40c9-83ca-c5a0d94cad47','20127475',0,'2024-01-07 20:56:45'),('617ed4e6-2946-40c9-83ca-c5a0d94cad47','20127575',0,'2024-01-07 20:56:45'),('617ed4e6-2946-40c9-83ca-c5a0d94cad47','20127592',0,'2024-01-07 20:56:45'),('617ed4e6-2946-40c9-83ca-c5a0d94cad47','20127610',0,'2024-01-07 20:56:45'),('67f915ca-b941-4406-9059-8b6d334aa912','20127001',9,'2024-01-07 15:34:52'),('67f915ca-b941-4406-9059-8b6d334aa912','20127013',9,'2024-01-07 15:34:52'),('67f915ca-b941-4406-9059-8b6d334aa912','20127100',9,'2024-01-07 15:34:52'),('67f915ca-b941-4406-9059-8b6d334aa912','20127343',9,'2024-01-07 15:34:52'),('67f915ca-b941-4406-9059-8b6d334aa912','20127352',9,'2024-01-07 15:34:52'),('67f915ca-b941-4406-9059-8b6d334aa912','20127370',9,'2024-01-07 15:34:52'),('67f915ca-b941-4406-9059-8b6d334aa912','20127376',9,'2024-01-07 15:34:52'),('67f915ca-b941-4406-9059-8b6d334aa912','20127475',9,'2024-01-07 15:34:52'),('67f915ca-b941-4406-9059-8b6d334aa912','20127575',9,'2024-01-07 15:34:52'),('67f915ca-b941-4406-9059-8b6d334aa912','20127592',9,'2024-01-07 15:34:52'),('67f915ca-b941-4406-9059-8b6d334aa912','20127610',9,'2024-01-07 15:34:52'),('7249ad63-578c-48f0-8799-cbea2fda0091','20127001',9,'2024-01-07 21:01:19'),('7249ad63-578c-48f0-8799-cbea2fda0091','20127013',9.5,'2024-01-07 21:01:19'),('7249ad63-578c-48f0-8799-cbea2fda0091','20127100',8,'2024-01-07 21:01:19'),('7249ad63-578c-48f0-8799-cbea2fda0091','20127343',8.5,'2024-01-07 21:01:19'),('7249ad63-578c-48f0-8799-cbea2fda0091','20127352',10,'2024-01-07 21:01:19'),('7249ad63-578c-48f0-8799-cbea2fda0091','20127370',9,'2024-01-07 21:01:19'),('7249ad63-578c-48f0-8799-cbea2fda0091','20127376',9.5,'2024-01-07 21:01:19'),('7249ad63-578c-48f0-8799-cbea2fda0091','20127475',8,'2024-01-07 21:01:19'),('7249ad63-578c-48f0-8799-cbea2fda0091','20127575',8,'2024-01-07 21:01:19'),('7249ad63-578c-48f0-8799-cbea2fda0091','20127592',9,'2024-01-07 21:01:19'),('7249ad63-578c-48f0-8799-cbea2fda0091','20127610',9,'2024-01-07 21:01:19'),('7afc9d06-e615-4bdf-b61f-5662298e4797','20127001',7.5,'2024-01-07 21:04:53'),('7afc9d06-e615-4bdf-b61f-5662298e4797','20127013',9.5,'2024-01-07 21:04:53'),('7afc9d06-e615-4bdf-b61f-5662298e4797','20127100',9.5,'2024-01-07 21:04:53'),('7afc9d06-e615-4bdf-b61f-5662298e4797','20127343',9,'2024-01-07 21:04:53'),('7afc9d06-e615-4bdf-b61f-5662298e4797','20127352',9,'2024-01-07 21:04:53'),('7afc9d06-e615-4bdf-b61f-5662298e4797','20127370',9.5,'2024-01-07 21:04:53'),('7afc9d06-e615-4bdf-b61f-5662298e4797','20127376',10,'2024-01-07 21:04:53'),('7afc9d06-e615-4bdf-b61f-5662298e4797','20127475',8,'2024-01-07 21:04:53'),('7afc9d06-e615-4bdf-b61f-5662298e4797','20127575',8.5,'2024-01-07 21:04:53'),('7afc9d06-e615-4bdf-b61f-5662298e4797','20127592',9,'2024-01-07 21:04:53'),('7afc9d06-e615-4bdf-b61f-5662298e4797','20127610',9,'2024-01-07 21:04:53'),('889f5923-c396-4099-ad97-55a093070e7c','20127001',0,'2024-01-07 21:04:53'),('889f5923-c396-4099-ad97-55a093070e7c','20127013',0,'2024-01-07 21:04:53'),('889f5923-c396-4099-ad97-55a093070e7c','20127100',0,'2024-01-07 21:04:53'),('889f5923-c396-4099-ad97-55a093070e7c','20127343',0,'2024-01-07 21:04:53'),('889f5923-c396-4099-ad97-55a093070e7c','20127352',0,'2024-01-07 21:04:53'),('889f5923-c396-4099-ad97-55a093070e7c','20127370',0,'2024-01-07 21:04:53'),('889f5923-c396-4099-ad97-55a093070e7c','20127376',0,'2024-01-07 21:04:53'),('889f5923-c396-4099-ad97-55a093070e7c','20127475',0,'2024-01-07 21:04:53'),('889f5923-c396-4099-ad97-55a093070e7c','20127575',0,'2024-01-07 21:04:53'),('889f5923-c396-4099-ad97-55a093070e7c','20127592',0,'2024-01-07 21:04:53'),('889f5923-c396-4099-ad97-55a093070e7c','20127610',0,'2024-01-07 21:04:53'),('8985ad06-15ec-435d-a656-f21490b6d842','20127001',0,'2024-01-07 21:01:19'),('8985ad06-15ec-435d-a656-f21490b6d842','20127013',0,'2024-01-07 21:01:19'),('8985ad06-15ec-435d-a656-f21490b6d842','20127100',0,'2024-01-07 21:01:19'),('8985ad06-15ec-435d-a656-f21490b6d842','20127343',0,'2024-01-07 21:01:19'),('8985ad06-15ec-435d-a656-f21490b6d842','20127352',0,'2024-01-07 21:01:19'),('8985ad06-15ec-435d-a656-f21490b6d842','20127370',0,'2024-01-07 21:01:19'),('8985ad06-15ec-435d-a656-f21490b6d842','20127376',0,'2024-01-07 21:01:19'),('8985ad06-15ec-435d-a656-f21490b6d842','20127475',0,'2024-01-07 21:01:19'),('8985ad06-15ec-435d-a656-f21490b6d842','20127575',0,'2024-01-07 21:01:19'),('8985ad06-15ec-435d-a656-f21490b6d842','20127592',0,'2024-01-07 21:01:19'),('8985ad06-15ec-435d-a656-f21490b6d842','20127610',0,'2024-01-07 21:01:19'),('8faff943-fb74-4980-9d29-06b0afc651b1','20127001',5,'2024-01-07 15:34:53'),('8faff943-fb74-4980-9d29-06b0afc651b1','20127013',6,'2024-01-07 15:34:53'),('8faff943-fb74-4980-9d29-06b0afc651b1','20127100',4,'2024-01-07 15:34:53'),('8faff943-fb74-4980-9d29-06b0afc651b1','20127343',7,'2024-01-07 15:34:53'),('8faff943-fb74-4980-9d29-06b0afc651b1','20127352',3,'2024-01-07 15:34:53'),('8faff943-fb74-4980-9d29-06b0afc651b1','20127370',5,'2024-01-07 15:34:53'),('8faff943-fb74-4980-9d29-06b0afc651b1','20127376',0,'2024-01-07 15:34:53'),('8faff943-fb74-4980-9d29-06b0afc651b1','20127475',4,'2024-01-07 15:34:53'),('8faff943-fb74-4980-9d29-06b0afc651b1','20127575',6,'2024-01-07 15:34:53'),('8faff943-fb74-4980-9d29-06b0afc651b1','20127592',8,'2024-01-07 15:34:53'),('8faff943-fb74-4980-9d29-06b0afc651b1','20127610',3,'2024-01-07 15:34:53'),('b9c753e5-999d-4968-834c-8c30d2031cfd','20127001',9,'2024-01-07 20:56:45'),('b9c753e5-999d-4968-834c-8c30d2031cfd','20127013',9.5,'2024-01-07 20:56:45'),('b9c753e5-999d-4968-834c-8c30d2031cfd','20127100',9,'2024-01-07 20:56:45'),('b9c753e5-999d-4968-834c-8c30d2031cfd','20127343',10,'2024-01-07 20:56:45'),('b9c753e5-999d-4968-834c-8c30d2031cfd','20127352',7,'2024-01-07 20:56:45'),('b9c753e5-999d-4968-834c-8c30d2031cfd','20127370',8,'2024-01-07 20:56:45'),('b9c753e5-999d-4968-834c-8c30d2031cfd','20127376',9,'2024-01-07 20:56:45'),('b9c753e5-999d-4968-834c-8c30d2031cfd','20127475',8.5,'2024-01-07 20:56:45'),('b9c753e5-999d-4968-834c-8c30d2031cfd','20127575',9,'2024-01-07 20:56:45'),('b9c753e5-999d-4968-834c-8c30d2031cfd','20127592',10,'2024-01-07 20:56:45'),('b9c753e5-999d-4968-834c-8c30d2031cfd','20127610',8,'2024-01-07 20:56:45'),('c6f8d046-e17d-41ba-8c2b-b8081514470f','20127001',0,'2024-01-07 21:06:21'),('c6f8d046-e17d-41ba-8c2b-b8081514470f','20127013',0,'2024-01-07 21:06:21'),('c6f8d046-e17d-41ba-8c2b-b8081514470f','20127100',0,'2024-01-07 21:06:21'),('c6f8d046-e17d-41ba-8c2b-b8081514470f','20127343',0,'2024-01-07 21:06:21'),('c6f8d046-e17d-41ba-8c2b-b8081514470f','20127352',0,'2024-01-07 21:06:21'),('c6f8d046-e17d-41ba-8c2b-b8081514470f','20127370',0,'2024-01-07 21:06:21'),('c6f8d046-e17d-41ba-8c2b-b8081514470f','20127376',0,'2024-01-07 21:06:21'),('c6f8d046-e17d-41ba-8c2b-b8081514470f','20127475',0,'2024-01-07 21:06:21'),('c6f8d046-e17d-41ba-8c2b-b8081514470f','20127575',0,'2024-01-07 21:06:21'),('c6f8d046-e17d-41ba-8c2b-b8081514470f','20127592',0,'2024-01-07 21:06:21'),('c6f8d046-e17d-41ba-8c2b-b8081514470f','20127610',0,'2024-01-07 21:06:21'),('cc6a473f-65ea-448f-bfcd-3b7f0c53c953','20127001',0,'2024-01-07 21:06:21'),('cc6a473f-65ea-448f-bfcd-3b7f0c53c953','20127013',0,'2024-01-07 21:06:21'),('cc6a473f-65ea-448f-bfcd-3b7f0c53c953','20127100',0,'2024-01-07 21:06:21'),('cc6a473f-65ea-448f-bfcd-3b7f0c53c953','20127343',0,'2024-01-07 21:06:21'),('cc6a473f-65ea-448f-bfcd-3b7f0c53c953','20127352',0,'2024-01-07 21:06:21'),('cc6a473f-65ea-448f-bfcd-3b7f0c53c953','20127370',0,'2024-01-07 21:06:21'),('cc6a473f-65ea-448f-bfcd-3b7f0c53c953','20127376',0,'2024-01-07 21:06:21'),('cc6a473f-65ea-448f-bfcd-3b7f0c53c953','20127475',0,'2024-01-07 21:06:21'),('cc6a473f-65ea-448f-bfcd-3b7f0c53c953','20127575',0,'2024-01-07 21:06:21'),('cc6a473f-65ea-448f-bfcd-3b7f0c53c953','20127592',0,'2024-01-07 21:06:21'),('cc6a473f-65ea-448f-bfcd-3b7f0c53c953','20127610',0,'2024-01-07 21:06:21'),('d051b07c-2687-4bec-b1a1-ec916c9f31fe','20127001',0,'2024-01-07 20:56:45'),('d051b07c-2687-4bec-b1a1-ec916c9f31fe','20127013',0,'2024-01-07 20:56:45'),('d051b07c-2687-4bec-b1a1-ec916c9f31fe','20127100',0,'2024-01-07 20:56:45'),('d051b07c-2687-4bec-b1a1-ec916c9f31fe','20127343',0,'2024-01-07 20:56:45'),('d051b07c-2687-4bec-b1a1-ec916c9f31fe','20127352',0,'2024-01-07 20:56:45'),('d051b07c-2687-4bec-b1a1-ec916c9f31fe','20127370',0,'2024-01-07 20:56:45'),('d051b07c-2687-4bec-b1a1-ec916c9f31fe','20127376',0,'2024-01-07 20:56:45'),('d051b07c-2687-4bec-b1a1-ec916c9f31fe','20127475',0,'2024-01-07 20:56:45'),('d051b07c-2687-4bec-b1a1-ec916c9f31fe','20127575',0,'2024-01-07 20:56:45'),('d051b07c-2687-4bec-b1a1-ec916c9f31fe','20127592',0,'2024-01-07 20:56:45'),('d051b07c-2687-4bec-b1a1-ec916c9f31fe','20127610',0,'2024-01-07 20:56:45'),('d1b721ab-01dd-4907-ba94-9cfb9cefaee0','20127001',0,'2024-01-07 21:01:19'),('d1b721ab-01dd-4907-ba94-9cfb9cefaee0','20127013',0,'2024-01-07 21:01:19'),('d1b721ab-01dd-4907-ba94-9cfb9cefaee0','20127100',0,'2024-01-07 21:01:19'),('d1b721ab-01dd-4907-ba94-9cfb9cefaee0','20127343',0,'2024-01-07 21:01:19'),('d1b721ab-01dd-4907-ba94-9cfb9cefaee0','20127352',0,'2024-01-07 21:01:19'),('d1b721ab-01dd-4907-ba94-9cfb9cefaee0','20127370',0,'2024-01-07 21:01:19'),('d1b721ab-01dd-4907-ba94-9cfb9cefaee0','20127376',0,'2024-01-07 21:01:19'),('d1b721ab-01dd-4907-ba94-9cfb9cefaee0','20127475',0,'2024-01-07 21:01:19'),('d1b721ab-01dd-4907-ba94-9cfb9cefaee0','20127575',0,'2024-01-07 21:01:19'),('d1b721ab-01dd-4907-ba94-9cfb9cefaee0','20127592',0,'2024-01-07 21:01:19'),('d1b721ab-01dd-4907-ba94-9cfb9cefaee0','20127610',0,'2024-01-07 21:01:19'),('df2c8c97-c1c4-4d8f-8932-8c6bbf465e34','20127001',10,'2024-01-07 21:06:21'),('df2c8c97-c1c4-4d8f-8932-8c6bbf465e34','20127013',10,'2024-01-07 21:06:21'),('df2c8c97-c1c4-4d8f-8932-8c6bbf465e34','20127100',10,'2024-01-07 21:06:21'),('df2c8c97-c1c4-4d8f-8932-8c6bbf465e34','20127343',10,'2024-01-07 21:06:21'),('df2c8c97-c1c4-4d8f-8932-8c6bbf465e34','20127352',10,'2024-01-07 21:06:21'),('df2c8c97-c1c4-4d8f-8932-8c6bbf465e34','20127370',10,'2024-01-07 21:06:21'),('df2c8c97-c1c4-4d8f-8932-8c6bbf465e34','20127376',10,'2024-01-07 21:06:21'),('df2c8c97-c1c4-4d8f-8932-8c6bbf465e34','20127475',10,'2024-01-07 21:06:21'),('df2c8c97-c1c4-4d8f-8932-8c6bbf465e34','20127575',10,'2024-01-07 21:06:21'),('df2c8c97-c1c4-4d8f-8932-8c6bbf465e34','20127592',10,'2024-01-07 21:06:21'),('df2c8c97-c1c4-4d8f-8932-8c6bbf465e34','20127610',10,'2024-01-07 21:06:21'),('ec5135ec-a013-4ff3-b865-bc71bb11a96f','20127001',0,'2024-01-07 21:04:53'),('ec5135ec-a013-4ff3-b865-bc71bb11a96f','20127013',0,'2024-01-07 21:04:53'),('ec5135ec-a013-4ff3-b865-bc71bb11a96f','20127100',0,'2024-01-07 21:04:53'),('ec5135ec-a013-4ff3-b865-bc71bb11a96f','20127343',0,'2024-01-07 21:04:53'),('ec5135ec-a013-4ff3-b865-bc71bb11a96f','20127352',0,'2024-01-07 21:04:53'),('ec5135ec-a013-4ff3-b865-bc71bb11a96f','20127370',0,'2024-01-07 21:04:53'),('ec5135ec-a013-4ff3-b865-bc71bb11a96f','20127376',0,'2024-01-07 21:04:53'),('ec5135ec-a013-4ff3-b865-bc71bb11a96f','20127475',0,'2024-01-07 21:04:53'),('ec5135ec-a013-4ff3-b865-bc71bb11a96f','20127575',0,'2024-01-07 21:04:53'),('ec5135ec-a013-4ff3-b865-bc71bb11a96f','20127592',0,'2024-01-07 21:04:53'),('ec5135ec-a013-4ff3-b865-bc71bb11a96f','20127610',0,'2024-01-07 21:04:53'),('ff0c00b5-396b-414b-a226-eca56f17d57c','20127001',0,'2024-01-07 21:06:21'),('ff0c00b5-396b-414b-a226-eca56f17d57c','20127013',0,'2024-01-07 21:06:21'),('ff0c00b5-396b-414b-a226-eca56f17d57c','20127100',0,'2024-01-07 21:06:21'),('ff0c00b5-396b-414b-a226-eca56f17d57c','20127343',0,'2024-01-07 21:06:21'),('ff0c00b5-396b-414b-a226-eca56f17d57c','20127352',0,'2024-01-07 21:06:21'),('ff0c00b5-396b-414b-a226-eca56f17d57c','20127370',0,'2024-01-07 21:06:21'),('ff0c00b5-396b-414b-a226-eca56f17d57c','20127376',0,'2024-01-07 21:06:21'),('ff0c00b5-396b-414b-a226-eca56f17d57c','20127475',0,'2024-01-07 21:06:21'),('ff0c00b5-396b-414b-a226-eca56f17d57c','20127575',0,'2024-01-07 21:06:21'),('ff0c00b5-396b-414b-a226-eca56f17d57c','20127592',0,'2024-01-07 21:06:21'),('ff0c00b5-396b-414b-a226-eca56f17d57c','20127610',0,'2024-01-07 21:06:21');
/*!40000 ALTER TABLE `grades` ENABLE KEYS */;
UNLOCK TABLES;

LOCK TABLES `grade_reviews` WRITE;
/*!40000 ALTER TABLE `grade_reviews` DISABLE KEYS */;
INSERT INTO `grade_reviews` VALUES ('14b8da1f-dae8-4f91-8ae9-b339aca2e9f2','94d539b4-8a61-499e-a07a-c45c7b3fd7f4',8,9,0,'Thầy thiếu 1 điểm cộng a',0,'2024-01-07 20:57:20'),('237fcd9a-00df-4971-b297-82b6acccf9de','7e65df13-7709-4ef4-81a6-ff50905b93d6',8,9.5,8,'Dạ thưa thầy, câu 1 thầy chấm thiếu của em ý c ạ',1,'2024-01-07 20:45:00'),('237fcd9a-00df-4971-b297-82b6acccf9de','94d539b4-8a61-499e-a07a-c45c7b3fd7f4',8.5,9,9,'Thầy thiếu của em 0.5 ạ',1,'2024-01-07 20:45:36'),('244b052d-6f37-4d16-83a7-bb72152df627','94d539b4-8a61-499e-a07a-c45c7b3fd7f4',8.5,9,9.5,'Em bị thiếu 0.5',1,'2024-01-07 20:45:21'),('382b22ed-7bf2-4236-b614-94871feb3fd0','22bd39e6-0bc7-4273-b333-221bcef6467e',9,10,10,'Em thuyết trình 10 thầy cho mà ạ',1,'2024-01-07 21:08:10'),('382b22ed-7bf2-4236-b614-94871feb3fd0','94d539b4-8a61-499e-a07a-c45c7b3fd7f4',9,10,0,'Nhóm em 10 điểm mà thầy',0,'2024-01-07 21:07:38'),('8faff943-fb74-4980-9d29-06b0afc651b1','f595cdb2-fc83-4143-9704-b4c79051da37',3,5,5,'Dạ thầy thiếu 2 điểm cộng của em hồi đầu kỳ ạ',1,'2024-01-07 20:44:03');
/*!40000 ALTER TABLE `grade_reviews` ENABLE KEYS */;
UNLOCK TABLES;

LOCK TABLES `grade_review_comments` WRITE;
/*!40000 ALTER TABLE `grade_review_comments` DISABLE KEYS */;
INSERT INTO `grade_review_comments` VALUES ('41a35ca6-30a5-4c37-9377-bd22afd8e304','8faff943-fb74-4980-9d29-06b0afc651b1','f595cdb2-fc83-4143-9704-b4c79051da37','f595cdb2-fc83-4143-9704-b4c79051da37','Dạ em đã gửi mail cho thầy rồi ạ','2024-01-07 20:47:45'),('a9e1a8b9-9e9e-42f3-830b-ada190e9c8c5','237fcd9a-00df-4971-b297-82b6acccf9de','7e65df13-7709-4ef4-81a6-ff50905b93d6','e21218b8-2bd3-4939-9089-4245bcd1bd93','Ý c đó em làm sai hết nha','2024-01-07 20:46:59'),('c21afa77-398c-488d-87fb-4178358debb8','8faff943-fb74-4980-9d29-06b0afc651b1','f595cdb2-fc83-4143-9704-b4c79051da37','e21218b8-2bd3-4939-9089-4245bcd1bd93','Em gửi mail cho thầy bằng chứng nha','2024-01-07 20:46:27');
/*!40000 ALTER TABLE `grade_review_comments` ENABLE KEYS */;
UNLOCK TABLES;

LOCK TABLES `notifications` WRITE;
/*!40000 ALTER TABLE `notifications` DISABLE KEYS */;
INSERT INTO `notifications` VALUES ('006d141d-88d7-48a0-87a5-5ee22fe262c7','f595cdb2-fc83-4143-9704-b4c79051da37','<strong>BTLT1</strong>\'s grading in <strong>Lập trình mobile</strong> has been finalized','/student/class/34b22a19-2257-404d-a92b-a7656d445158/scoreboard','2024-01-07 20:56:56'),('0121d6b9-7fcd-4fd3-b19a-0a082e73848a','aab9b8bd-a93d-44e9-aa89-e5e8d47a9f3a','<strong>GK</strong>\'s grading in <strong>Nhập môn công nghệ phần mềm</strong> has been finalized','/student/class/d8cdf1ff-76c3-491c-b84b-2d36b3d7ed16/scoreboard','2024-01-07 21:01:33'),('0124fce7-e86e-4e03-9a34-1c744356fef8','77295ffd-f7ab-4f65-8d13-774e64e4f5c7','<strong>Video</strong>\'s grading in <strong>Tư tưởng Hồ Chí Minh</strong> has been finalized','/student/class/41564550-363a-4feb-8981-fbea4e3d4cd8/scoreboard','2024-01-07 21:07:06'),('016e1cc3-054c-4f2e-a2cd-0195bb898ae5','4d6bca43-356d-4f2e-8069-7955e0d3fe37','<strong>Đồ án</strong>\'s grading in <strong>Lập trình Game</strong> has been finalized','/student/class/2693a1d6-6e8d-426b-81ff-9d8bde189621/scoreboard','2024-01-07 20:43:16'),('034332c2-8dce-4921-bd33-0b5b1cf1e643','aab9b8bd-a93d-44e9-aa89-e5e8d47a9f3a','<strong>Thuyết trình nhóm</strong>\'s grading in <strong>Tư tưởng Hồ Chí Minh</strong> has been finalized','/student/class/41564550-363a-4feb-8981-fbea4e3d4cd8/scoreboard','2024-01-07 21:06:27'),('074be5a2-c8ab-4ee1-beac-fb25ce7c659c','22bd39e6-0bc7-4273-b333-221bcef6467e','<strong>Đồ án</strong>\'s grading in <strong>Lập trình Game</strong> has been finalized','/student/class/2693a1d6-6e8d-426b-81ff-9d8bde189621/scoreboard','2024-01-07 20:43:16'),('0984dc69-fe81-460d-b5ed-f52dd1173203','29dd021c-6566-442f-942a-0c8b99e5ac10','<strong>Thuyết trình nhóm</strong>\'s grading in <strong>Tư tưởng Hồ Chí Minh</strong> has been finalized','/student/class/41564550-363a-4feb-8981-fbea4e3d4cd8/scoreboard','2024-01-07 21:06:27'),('0b23baad-4d45-4aea-bdd1-77cc5dfcb224','b2d4f0d6-890a-468e-9409-8733dffedb90','A student has requested a grade review on <strong>Thuyết trình nhóm</strong> in <strong>Tư tưởng Hồ Chí Minh</strong>.','/teacher/class/41564550-363a-4feb-8981-fbea4e3d4cd8/grade-review/detail?gradeid=382b22ed-7bf2-4236-b614-94871feb3fd0&userid=22bd39e6-0bc7-4273-b333-221bcef6467e','2024-01-07 21:08:10'),('0d731441-ba17-4236-8419-1d5e291b7cf7','77295ffd-f7ab-4f65-8d13-774e64e4f5c7','<strong>BTVN2</strong>\'s grading in <strong>Lập trình Game</strong> has been finalized','/student/class/2693a1d6-6e8d-426b-81ff-9d8bde189621/scoreboard','2024-01-07 20:43:16'),('12ea8b21-fef7-4355-978b-689ad6fadf5e','4d6bca43-356d-4f2e-8069-7955e0d3fe37','<strong>GK</strong>\'s grading in <strong>Lập trình Game</strong> has been finalized','/student/class/2693a1d6-6e8d-426b-81ff-9d8bde189621/scoreboard','2024-01-07 20:43:16'),('1e995b14-e63f-444d-b727-b24fa84062dc','57ee3caa-b166-40cb-be3e-75f953f712ec','<strong>BTLT1</strong>\'s grading in <strong>Lập trình mobile</strong> has been finalized','/student/class/34b22a19-2257-404d-a92b-a7656d445158/scoreboard','2024-01-07 20:56:56'),('1fe3fa2d-f38b-4301-93d8-cb44681b33fb','7e65df13-7709-4ef4-81a6-ff50905b93d6','<strong>BTLT2</strong>\'s grading in <strong>Lập trình mobile</strong> has been finalized','/student/class/34b22a19-2257-404d-a92b-a7656d445158/scoreboard','2024-01-07 21:02:54'),('20c949f0-0ff1-4f0a-ba17-4ead67e5d2ea','22bd39e6-0bc7-4273-b333-221bcef6467e','A final decision has been made on your <strong>Thuyết trình nhóm</strong>\'s mark review in <strong>Tư tưởng Hồ Chí Minh</strong>.','/student/class/41564550-363a-4feb-8981-fbea4e3d4cd8/scoreboard/grade-review/detail?gradeid=382b22ed-7bf2-4236-b614-94871feb3fd0&userid=22bd39e6-0bc7-4273-b333-221bcef6467e','2024-01-07 21:08:21'),('21999ef0-e92a-421b-9d56-7f312c8c7883','7e65df13-7709-4ef4-81a6-ff50905b93d6','Your teacher in <strong>Lập trình Game</strong> has responded to your <strong>CK</strong>\'s grade review.','/student/class/2693a1d6-6e8d-426b-81ff-9d8bde189621/scoreboard/grade-review/detail?gradeid=237fcd9a-00df-4971-b297-82b6acccf9de&userid=7e65df13-7709-4ef4-81a6-ff50905b93d6','2024-01-07 20:47:00'),('25362cc7-e5b1-4c6d-920b-5d9d1aeb304e','77295ffd-f7ab-4f65-8d13-774e64e4f5c7','<strong>GK</strong>\'s grading in <strong>Nhập môn công nghệ phần mềm</strong> has been finalized','/student/class/d8cdf1ff-76c3-491c-b84b-2d36b3d7ed16/scoreboard','2024-01-07 21:01:33'),('2595d736-a546-4737-87b4-c9ce0df78c63','4d6bca43-356d-4f2e-8069-7955e0d3fe37','<strong>Video</strong>\'s grading in <strong>Tư tưởng Hồ Chí Minh</strong> has been finalized','/student/class/41564550-363a-4feb-8981-fbea4e3d4cd8/scoreboard','2024-01-07 21:07:06'),('260dcdcf-4b52-4a58-ada6-b5eea84b3f85','77295ffd-f7ab-4f65-8d13-774e64e4f5c7','<strong>Thuyết trình nhóm</strong>\'s grading in <strong>Tư tưởng Hồ Chí Minh</strong> has been finalized','/student/class/41564550-363a-4feb-8981-fbea4e3d4cd8/scoreboard','2024-01-07 21:06:27'),('2f63af36-8d14-471f-b3b6-74c1f8ff3795','22bd39e6-0bc7-4273-b333-221bcef6467e','<strong>BTVN2</strong>\'s grading in <strong>Lập trình Game</strong> has been finalized','/student/class/2693a1d6-6e8d-426b-81ff-9d8bde189621/scoreboard','2024-01-07 20:43:16'),('2f7579e5-e9f7-4514-870f-0c42bda2c1b8','7e65df13-7709-4ef4-81a6-ff50905b93d6','<strong>BTLT1</strong>\'s grading in <strong>Lập trình mobile</strong> has been finalized','/student/class/34b22a19-2257-404d-a92b-a7656d445158/scoreboard','2024-01-07 20:56:56'),('3175cdaa-d7ac-4450-b6c5-2fad469392c8','94d539b4-8a61-499e-a07a-c45c7b3fd7f4','<strong>BTVN1</strong>\'s grading in <strong>Lập trình Game</strong> has been finalized','/student/class/2693a1d6-6e8d-426b-81ff-9d8bde189621/scoreboard','2024-01-07 20:41:57'),('35c64d89-564a-4b31-9fd8-4ed59b6c69f7','8174c8c6-22a1-424a-8957-dd85d3e4f8c1','<strong>BTLT1</strong>\'s grading in <strong>Lập trình mobile</strong> has been finalized','/student/class/34b22a19-2257-404d-a92b-a7656d445158/scoreboard','2024-01-07 20:56:56'),('3657d9c5-dfcc-4c28-8154-bf86625253d3','4d6bca43-356d-4f2e-8069-7955e0d3fe37','<strong>GK</strong>\'s grading in <strong>Nhập môn công nghệ phần mềm</strong> has been finalized','/student/class/d8cdf1ff-76c3-491c-b84b-2d36b3d7ed16/scoreboard','2024-01-07 21:01:33'),('3813709f-9be7-441e-b4d9-1f71eea596f4','77295ffd-f7ab-4f65-8d13-774e64e4f5c7','<strong>Đồ án</strong>\'s grading in <strong>Lập trình Game</strong> has been finalized','/student/class/2693a1d6-6e8d-426b-81ff-9d8bde189621/scoreboard','2024-01-07 20:43:16'),('3b3ad231-961f-40ab-a433-e7160bfd4ebc','29dd021c-6566-442f-942a-0c8b99e5ac10','<strong>BTVN2</strong>\'s grading in <strong>Lập trình Game</strong> has been finalized','/student/class/2693a1d6-6e8d-426b-81ff-9d8bde189621/scoreboard','2024-01-07 20:43:16'),('3d4e0372-ad4b-42fe-826d-a5f4d9d10c08','f595cdb2-fc83-4143-9704-b4c79051da37','<strong>BTLT2</strong>\'s grading in <strong>Lập trình mobile</strong> has been finalized','/student/class/34b22a19-2257-404d-a92b-a7656d445158/scoreboard','2024-01-07 21:02:54'),('3dfb0a53-4a15-4f28-9f0d-ff02f5c652d1','16e45063-8614-4884-b137-a8810cf1c315','<strong>Điểm cộng</strong>\'s grading in <strong>Lập trình Game</strong> has been finalized','/student/class/2693a1d6-6e8d-426b-81ff-9d8bde189621/scoreboard','2024-01-07 20:43:16'),('3febc71c-662b-429b-acd8-712e27801ef2','57ee3caa-b166-40cb-be3e-75f953f712ec','<strong>Thuyết trình nhóm</strong>\'s grading in <strong>Tư tưởng Hồ Chí Minh</strong> has been finalized','/student/class/41564550-363a-4feb-8981-fbea4e3d4cd8/scoreboard','2024-01-07 21:06:27'),('41b85f9b-474a-4940-a1e8-6d12d8919a5c','e21218b8-2bd3-4939-9089-4245bcd1bd93','A student has requested a grade review on <strong>Điểm cộng</strong> in <strong>Lập trình Game</strong>.','/teacher/class/2693a1d6-6e8d-426b-81ff-9d8bde189621/grade-review/detail?gradeid=8faff943-fb74-4980-9d29-06b0afc651b1&userid=f595cdb2-fc83-4143-9704-b4c79051da37','2024-01-07 20:44:03'),('42210d71-9a13-4baa-91ca-e8dc5e7b18ff','aab9b8bd-a93d-44e9-aa89-e5e8d47a9f3a','<strong>BTLT1</strong>\'s grading in <strong>Lập trình mobile</strong> has been finalized','/student/class/34b22a19-2257-404d-a92b-a7656d445158/scoreboard','2024-01-07 20:56:56'),('427ea3b1-6ac4-494a-ab16-3b383fbd0615','8174c8c6-22a1-424a-8957-dd85d3e4f8c1','<strong>Video</strong>\'s grading in <strong>Tư tưởng Hồ Chí Minh</strong> has been finalized','/student/class/41564550-363a-4feb-8981-fbea4e3d4cd8/scoreboard','2024-01-07 21:07:06'),('43042d17-1172-4bd2-8db3-8c8423bc924c','94d539b4-8a61-499e-a07a-c45c7b3fd7f4','A final decision has been made on your <strong>CK</strong>\'s mark review in <strong>Lập trình Game</strong>.','/student/class/2693a1d6-6e8d-426b-81ff-9d8bde189621/scoreboard/grade-review/detail?gradeid=237fcd9a-00df-4971-b297-82b6acccf9de&userid=94d539b4-8a61-499e-a07a-c45c7b3fd7f4','2024-01-07 20:46:09'),('43ad57e6-9a35-4131-a597-0c0e2411e735','57ee3caa-b166-40cb-be3e-75f953f712ec','<strong>GK</strong>\'s grading in <strong>Lập trình Game</strong> has been finalized','/student/class/2693a1d6-6e8d-426b-81ff-9d8bde189621/scoreboard','2024-01-07 20:43:16'),('476306cc-7ec2-4a95-a383-dd7115bebc68','22bd39e6-0bc7-4273-b333-221bcef6467e','<strong>GK</strong>\'s grading in <strong>Nhập môn công nghệ phần mềm</strong> has been finalized','/student/class/d8cdf1ff-76c3-491c-b84b-2d36b3d7ed16/scoreboard','2024-01-07 21:01:33'),('4982ac9e-b1fe-4a05-b2ac-7174d02f8065','94d539b4-8a61-499e-a07a-c45c7b3fd7f4','<strong>Điểm cộng</strong>\'s grading in <strong>Lập trình Game</strong> has been finalized','/student/class/2693a1d6-6e8d-426b-81ff-9d8bde189621/scoreboard','2024-01-07 20:43:16'),('498d4ae2-17d9-42d1-b645-188b125826db','29dd021c-6566-442f-942a-0c8b99e5ac10','<strong>BTLT2</strong>\'s grading in <strong>Lập trình mobile</strong> has been finalized','/student/class/34b22a19-2257-404d-a92b-a7656d445158/scoreboard','2024-01-07 21:02:54'),('49a46171-5c6f-4a9a-8687-83ba667a661d','7e65df13-7709-4ef4-81a6-ff50905b93d6','<strong>Thuyết trình nhóm</strong>\'s grading in <strong>Tư tưởng Hồ Chí Minh</strong> has been finalized','/student/class/41564550-363a-4feb-8981-fbea4e3d4cd8/scoreboard','2024-01-07 21:06:27'),('49c0e4ba-11c1-47ca-ae57-a7024c30b9c2','f595cdb2-fc83-4143-9704-b4c79051da37','Your teacher in <strong>Lập trình Game</strong> has responded to your <strong>Điểm cộng</strong>\'s grade review.','/student/class/2693a1d6-6e8d-426b-81ff-9d8bde189621/scoreboard/grade-review/detail?gradeid=8faff943-fb74-4980-9d29-06b0afc651b1&userid=f595cdb2-fc83-4143-9704-b4c79051da37','2024-01-07 20:46:28'),('4b23c231-bc35-409a-9c1c-e35c743da92d','f595cdb2-fc83-4143-9704-b4c79051da37','<strong>GK</strong>\'s grading in <strong>Lập trình Game</strong> has been finalized','/student/class/2693a1d6-6e8d-426b-81ff-9d8bde189621/scoreboard','2024-01-07 20:43:16'),('4fd4554f-c11e-4573-a060-53127380d701','e21218b8-2bd3-4939-9089-4245bcd1bd93','A student has requested a grade review on <strong>BTLT1</strong> in <strong>Lập trình mobile</strong>.','/teacher/class/34b22a19-2257-404d-a92b-a7656d445158/grade-review/detail?gradeid=14b8da1f-dae8-4f91-8ae9-b339aca2e9f2&userid=94d539b4-8a61-499e-a07a-c45c7b3fd7f4','2024-01-07 20:57:20'),('51f2c08f-7cc0-45bd-a62e-9939d40523b8','57ee3caa-b166-40cb-be3e-75f953f712ec','<strong>Video</strong>\'s grading in <strong>Tư tưởng Hồ Chí Minh</strong> has been finalized','/student/class/41564550-363a-4feb-8981-fbea4e3d4cd8/scoreboard','2024-01-07 21:07:06'),('52d8a625-6a58-4bfe-a702-dac438fe62c4','7e65df13-7709-4ef4-81a6-ff50905b93d6','<strong>GK</strong>\'s grading in <strong>Lập trình Game</strong> has been finalized','/student/class/2693a1d6-6e8d-426b-81ff-9d8bde189621/scoreboard','2024-01-07 20:43:16'),('54d3e9e2-3a6c-4eea-8e10-38061146d211','aab9b8bd-a93d-44e9-aa89-e5e8d47a9f3a','<strong>BTLT2</strong>\'s grading in <strong>Lập trình mobile</strong> has been finalized','/student/class/34b22a19-2257-404d-a92b-a7656d445158/scoreboard','2024-01-07 21:02:54'),('55897ee9-d818-481a-b290-aa707c6dfb48','f595cdb2-fc83-4143-9704-b4c79051da37','<strong>GK</strong>\'s grading in <strong>Nhập môn công nghệ phần mềm</strong> has been finalized','/student/class/d8cdf1ff-76c3-491c-b84b-2d36b3d7ed16/scoreboard','2024-01-07 21:01:33'),('55c6c446-a819-42f0-9b55-25e65849ae87','16e45063-8614-4884-b137-a8810cf1c315','<strong>Video</strong>\'s grading in <strong>Tư tưởng Hồ Chí Minh</strong> has been finalized','/student/class/41564550-363a-4feb-8981-fbea4e3d4cd8/scoreboard','2024-01-07 21:07:06'),('58c5adee-92c2-43d4-ad3b-f2c20d03a5d5','16e45063-8614-4884-b137-a8810cf1c315','<strong>BTVN2</strong>\'s grading in <strong>Lập trình Game</strong> has been finalized','/student/class/2693a1d6-6e8d-426b-81ff-9d8bde189621/scoreboard','2024-01-07 20:43:16'),('590ce451-40a3-4142-a2de-19ce5d2e157e','22bd39e6-0bc7-4273-b333-221bcef6467e','<strong>CK</strong>\'s grading in <strong>Lập trình Game</strong> has been finalized','/student/class/2693a1d6-6e8d-426b-81ff-9d8bde189621/scoreboard','2024-01-07 20:43:16'),('5abcaaa8-4949-40a5-90d1-bd0eba6c0553','16e45063-8614-4884-b137-a8810cf1c315','<strong>CK</strong>\'s grading in <strong>Lập trình Game</strong> has been finalized','/student/class/2693a1d6-6e8d-426b-81ff-9d8bde189621/scoreboard','2024-01-07 20:43:16'),('5cc26287-c157-4e14-a9db-b90c501c3d7a','16e45063-8614-4884-b137-a8810cf1c315','<strong>Đồ án</strong>\'s grading in <strong>Lập trình Game</strong> has been finalized','/student/class/2693a1d6-6e8d-426b-81ff-9d8bde189621/scoreboard','2024-01-07 20:43:16'),('5e671eb6-006b-4b01-899e-f6044c21627a','f595cdb2-fc83-4143-9704-b4c79051da37','<strong>BTVN2</strong>\'s grading in <strong>Lập trình Game</strong> has been finalized','/student/class/2693a1d6-6e8d-426b-81ff-9d8bde189621/scoreboard','2024-01-07 20:43:16'),('613dc90b-a706-4f7f-ac77-89ad4f83d3a3','7e65df13-7709-4ef4-81a6-ff50905b93d6','<strong>Video</strong>\'s grading in <strong>Tư tưởng Hồ Chí Minh</strong> has been finalized','/student/class/41564550-363a-4feb-8981-fbea4e3d4cd8/scoreboard','2024-01-07 21:07:06'),('618a6b87-751d-4039-a256-a12b575d4616','f595cdb2-fc83-4143-9704-b4c79051da37','<strong>CK</strong>\'s grading in <strong>Lập trình Game</strong> has been finalized','/student/class/2693a1d6-6e8d-426b-81ff-9d8bde189621/scoreboard','2024-01-07 20:43:16'),('61a21c69-8cf8-415e-a3b7-a7e649751592','e21218b8-2bd3-4939-9089-4245bcd1bd93','A student has requested a grade review on <strong>CK</strong> in <strong>Lập trình Game</strong>.','/teacher/class/2693a1d6-6e8d-426b-81ff-9d8bde189621/grade-review/detail?gradeid=237fcd9a-00df-4971-b297-82b6acccf9de&userid=94d539b4-8a61-499e-a07a-c45c7b3fd7f4','2024-01-07 20:45:37'),('64b177dc-a0c8-4994-bb1d-2b8eb95ceddf','57ee3caa-b166-40cb-be3e-75f953f712ec','<strong>BTVN1</strong>\'s grading in <strong>Lập trình Game</strong> has been finalized','/student/class/2693a1d6-6e8d-426b-81ff-9d8bde189621/scoreboard','2024-01-07 20:41:57'),('68343ed9-c177-403c-8821-c76665fa8bf9','29dd021c-6566-442f-942a-0c8b99e5ac10','<strong>Điểm cộng</strong>\'s grading in <strong>Lập trình Game</strong> has been finalized','/student/class/2693a1d6-6e8d-426b-81ff-9d8bde189621/scoreboard','2024-01-07 20:43:16'),('686aee6c-402e-451a-ad73-663420fba778','94d539b4-8a61-499e-a07a-c45c7b3fd7f4','<strong>BTLT2</strong>\'s grading in <strong>Lập trình mobile</strong> has been finalized','/student/class/34b22a19-2257-404d-a92b-a7656d445158/scoreboard','2024-01-07 21:02:54'),('692fb1a1-5491-4ad4-b573-63955dc357df','e21218b8-2bd3-4939-9089-4245bcd1bd93','A student has requested a grade review on <strong>CK</strong> in <strong>Lập trình Game</strong>.','/teacher/class/2693a1d6-6e8d-426b-81ff-9d8bde189621/grade-review/detail?gradeid=237fcd9a-00df-4971-b297-82b6acccf9de&userid=7e65df13-7709-4ef4-81a6-ff50905b93d6','2024-01-07 20:45:00'),('6a9c5de0-384a-4f67-9440-2a514f881776','94d539b4-8a61-499e-a07a-c45c7b3fd7f4','<strong>CK</strong>\'s grading in <strong>Lập trình Game</strong> has been finalized','/student/class/2693a1d6-6e8d-426b-81ff-9d8bde189621/scoreboard','2024-01-07 20:43:16'),('6cbe2eb9-dce1-42d7-a77d-74565c435797','77295ffd-f7ab-4f65-8d13-774e64e4f5c7','<strong>Điểm cộng</strong>\'s grading in <strong>Lập trình Game</strong> has been finalized','/student/class/2693a1d6-6e8d-426b-81ff-9d8bde189621/scoreboard','2024-01-07 20:43:16'),('6ddd8c44-19c4-4adf-a76c-0b57235a1c56','29dd021c-6566-442f-942a-0c8b99e5ac10','<strong>Video</strong>\'s grading in <strong>Tư tưởng Hồ Chí Minh</strong> has been finalized','/student/class/41564550-363a-4feb-8981-fbea4e3d4cd8/scoreboard','2024-01-07 21:07:06'),('6e707753-b112-4786-b907-86038194c9eb','4d6bca43-356d-4f2e-8069-7955e0d3fe37','<strong>Thuyết trình nhóm</strong>\'s grading in <strong>Tư tưởng Hồ Chí Minh</strong> has been finalized','/student/class/41564550-363a-4feb-8981-fbea4e3d4cd8/scoreboard','2024-01-07 21:06:27'),('6e714a38-082a-4566-ac78-bb57e59f404e','94d539b4-8a61-499e-a07a-c45c7b3fd7f4','<strong>Thuyết trình nhóm</strong>\'s grading in <strong>Tư tưởng Hồ Chí Minh</strong> has been finalized','/student/class/41564550-363a-4feb-8981-fbea4e3d4cd8/scoreboard','2024-01-07 21:06:27'),('7101cf44-ecb7-4937-bf05-8bfeb5123166','22bd39e6-0bc7-4273-b333-221bcef6467e','<strong>BTLT1</strong>\'s grading in <strong>Lập trình mobile</strong> has been finalized','/student/class/34b22a19-2257-404d-a92b-a7656d445158/scoreboard','2024-01-07 20:56:56'),('7243ee46-5613-485d-ac41-10316d842362','29dd021c-6566-442f-942a-0c8b99e5ac10','<strong>GK</strong>\'s grading in <strong>Nhập môn công nghệ phần mềm</strong> has been finalized','/student/class/d8cdf1ff-76c3-491c-b84b-2d36b3d7ed16/scoreboard','2024-01-07 21:01:33'),('74050150-3375-4537-9c3a-9fbf7441d781','77295ffd-f7ab-4f65-8d13-774e64e4f5c7','<strong>BTLT1</strong>\'s grading in <strong>Lập trình mobile</strong> has been finalized','/student/class/34b22a19-2257-404d-a92b-a7656d445158/scoreboard','2024-01-07 20:56:56'),('7bdb72ca-3615-4494-a1ac-93b4f8085c6a','aab9b8bd-a93d-44e9-aa89-e5e8d47a9f3a','<strong>BTVN1</strong>\'s grading in <strong>Lập trình Game</strong> has been finalized','/student/class/2693a1d6-6e8d-426b-81ff-9d8bde189621/scoreboard','2024-01-07 20:41:57'),('7db13b08-64ae-4ce8-9082-a67b38a14154','aab9b8bd-a93d-44e9-aa89-e5e8d47a9f3a','<strong>BTVN2</strong>\'s grading in <strong>Lập trình Game</strong> has been finalized','/student/class/2693a1d6-6e8d-426b-81ff-9d8bde189621/scoreboard','2024-01-07 20:43:16'),('7e129e9a-55a8-4186-b5c6-8db0c8b1dce9','22bd39e6-0bc7-4273-b333-221bcef6467e','<strong>GK</strong>\'s grading in <strong>Lập trình Game</strong> has been finalized','/student/class/2693a1d6-6e8d-426b-81ff-9d8bde189621/scoreboard','2024-01-07 20:43:16'),('7e8c9b45-7cdb-4ca6-9f2b-b288251d73c8','29dd021c-6566-442f-942a-0c8b99e5ac10','<strong>CK</strong>\'s grading in <strong>Lập trình Game</strong> has been finalized','/student/class/2693a1d6-6e8d-426b-81ff-9d8bde189621/scoreboard','2024-01-07 20:43:16'),('831ca80f-a643-4c16-98c0-7a8a5aafc176','7e65df13-7709-4ef4-81a6-ff50905b93d6','<strong>Điểm cộng</strong>\'s grading in <strong>Lập trình Game</strong> has been finalized','/student/class/2693a1d6-6e8d-426b-81ff-9d8bde189621/scoreboard','2024-01-07 20:43:16'),('8463c92f-fdb2-4056-b86d-aa854ebacaae','7e65df13-7709-4ef4-81a6-ff50905b93d6','<strong>BTVN2</strong>\'s grading in <strong>Lập trình Game</strong> has been finalized','/student/class/2693a1d6-6e8d-426b-81ff-9d8bde189621/scoreboard','2024-01-07 20:43:16'),('8a2be1a9-9535-4f48-8716-6d3db053f352','22bd39e6-0bc7-4273-b333-221bcef6467e','<strong>Điểm cộng</strong>\'s grading in <strong>Lập trình Game</strong> has been finalized','/student/class/2693a1d6-6e8d-426b-81ff-9d8bde189621/scoreboard','2024-01-07 20:43:16'),('8ad9ca25-a801-428a-91f3-1655c8e2023e','16e45063-8614-4884-b137-a8810cf1c315','<strong>BTLT2</strong>\'s grading in <strong>Lập trình mobile</strong> has been finalized','/student/class/34b22a19-2257-404d-a92b-a7656d445158/scoreboard','2024-01-07 21:02:54'),('8b58a564-7a9d-49d9-9a8f-39b9525ce9ed','e21218b8-2bd3-4939-9089-4245bcd1bd93','A student has requested a grade review on <strong>BTVN2</strong> in <strong>Lập trình Game</strong>.','/teacher/class/2693a1d6-6e8d-426b-81ff-9d8bde189621/grade-review/detail?gradeid=244b052d-6f37-4d16-83a7-bb72152df627&userid=94d539b4-8a61-499e-a07a-c45c7b3fd7f4','2024-01-07 20:45:21'),('8f158015-344f-4e38-8b72-ed462766a593','22bd39e6-0bc7-4273-b333-221bcef6467e','<strong>Thuyết trình nhóm</strong>\'s grading in <strong>Tư tưởng Hồ Chí Minh</strong> has been finalized','/student/class/41564550-363a-4feb-8981-fbea4e3d4cd8/scoreboard','2024-01-07 21:06:27'),('910966cb-a905-4951-9316-33495e9d91bd','f595cdb2-fc83-4143-9704-b4c79051da37','<strong>Đồ án</strong>\'s grading in <strong>Lập trình Game</strong> has been finalized','/student/class/2693a1d6-6e8d-426b-81ff-9d8bde189621/scoreboard','2024-01-07 20:43:16'),('911cbc42-a01e-440a-93c7-5d1ea1b01cf1','b2d4f0d6-890a-468e-9409-8733dffedb90','A student has requested a grade review on <strong>Thuyết trình nhóm</strong> in <strong>Tư tưởng Hồ Chí Minh</strong>.','/teacher/class/41564550-363a-4feb-8981-fbea4e3d4cd8/grade-review/detail?gradeid=382b22ed-7bf2-4236-b614-94871feb3fd0&userid=94d539b4-8a61-499e-a07a-c45c7b3fd7f4','2024-01-07 21:07:39'),('93a41382-961b-4c14-bbef-c8565969db43','57ee3caa-b166-40cb-be3e-75f953f712ec','<strong>GK</strong>\'s grading in <strong>Nhập môn công nghệ phần mềm</strong> has been finalized','/student/class/d8cdf1ff-76c3-491c-b84b-2d36b3d7ed16/scoreboard','2024-01-07 21:01:33'),('94bccdef-d226-4746-abd3-5f4a95c4c39b','29dd021c-6566-442f-942a-0c8b99e5ac10','<strong>BTVN1</strong>\'s grading in <strong>Lập trình Game</strong> has been finalized','/student/class/2693a1d6-6e8d-426b-81ff-9d8bde189621/scoreboard','2024-01-07 20:41:57'),('954f5f1e-dc96-4b24-a3c7-3c41add33057','57ee3caa-b166-40cb-be3e-75f953f712ec','<strong>BTVN2</strong>\'s grading in <strong>Lập trình Game</strong> has been finalized','/student/class/2693a1d6-6e8d-426b-81ff-9d8bde189621/scoreboard','2024-01-07 20:43:16'),('97856dd4-348e-466f-8a35-ffd53261109c','4d6bca43-356d-4f2e-8069-7955e0d3fe37','<strong>CK</strong>\'s grading in <strong>Lập trình Game</strong> has been finalized','/student/class/2693a1d6-6e8d-426b-81ff-9d8bde189621/scoreboard','2024-01-07 20:43:16'),('994c7778-b76f-402c-95d3-40ae61e24e5d','4d6bca43-356d-4f2e-8069-7955e0d3fe37','<strong>BTVN2</strong>\'s grading in <strong>Lập trình Game</strong> has been finalized','/student/class/2693a1d6-6e8d-426b-81ff-9d8bde189621/scoreboard','2024-01-07 20:43:16'),('99ef90ef-6a92-4195-b5f9-fa1e9d38f69e','aab9b8bd-a93d-44e9-aa89-e5e8d47a9f3a','<strong>GK</strong>\'s grading in <strong>Lập trình Game</strong> has been finalized','/student/class/2693a1d6-6e8d-426b-81ff-9d8bde189621/scoreboard','2024-01-07 20:43:16'),('9a5d310f-682f-4319-98ed-fca9c9bf956c','16e45063-8614-4884-b137-a8810cf1c315','<strong>GK</strong>\'s grading in <strong>Nhập môn công nghệ phần mềm</strong> has been finalized','/student/class/d8cdf1ff-76c3-491c-b84b-2d36b3d7ed16/scoreboard','2024-01-07 21:01:33'),('9c068423-b20f-4c1a-a795-d43a5a6c1b2e','94d539b4-8a61-499e-a07a-c45c7b3fd7f4','<strong>Video</strong>\'s grading in <strong>Tư tưởng Hồ Chí Minh</strong> has been finalized','/student/class/41564550-363a-4feb-8981-fbea4e3d4cd8/scoreboard','2024-01-07 21:07:06'),('9c9b9bc2-4f22-4c68-acc5-46fc55256be4','16e45063-8614-4884-b137-a8810cf1c315','<strong>BTLT1</strong>\'s grading in <strong>Lập trình mobile</strong> has been finalized','/student/class/34b22a19-2257-404d-a92b-a7656d445158/scoreboard','2024-01-07 20:56:56'),('9cf3ff00-c19b-4661-9057-844c0d7bc589','f595cdb2-fc83-4143-9704-b4c79051da37','<strong>BTVN1</strong>\'s grading in <strong>Lập trình Game</strong> has been finalized','/student/class/2693a1d6-6e8d-426b-81ff-9d8bde189621/scoreboard','2024-01-07 20:41:57'),('9d549ff8-db0a-46d6-b935-de779682ef65','aab9b8bd-a93d-44e9-aa89-e5e8d47a9f3a','<strong>Điểm cộng</strong>\'s grading in <strong>Lập trình Game</strong> has been finalized','/student/class/2693a1d6-6e8d-426b-81ff-9d8bde189621/scoreboard','2024-01-07 20:43:16'),('9da5ba6f-7d21-4840-a39b-c2db4212e3e9','f595cdb2-fc83-4143-9704-b4c79051da37','<strong>Điểm cộng</strong>\'s grading in <strong>Lập trình Game</strong> has been finalized','/student/class/2693a1d6-6e8d-426b-81ff-9d8bde189621/scoreboard','2024-01-07 20:43:16'),('a0f7aa84-4398-4dc1-86b3-58dd888bc6d9','77295ffd-f7ab-4f65-8d13-774e64e4f5c7','<strong>BTLT2</strong>\'s grading in <strong>Lập trình mobile</strong> has been finalized','/student/class/34b22a19-2257-404d-a92b-a7656d445158/scoreboard','2024-01-07 21:02:54'),('a1a11652-0007-4af3-a41c-6018c4969fd0','4d6bca43-356d-4f2e-8069-7955e0d3fe37','<strong>BTVN1</strong>\'s grading in <strong>Lập trình Game</strong> has been finalized','/student/class/2693a1d6-6e8d-426b-81ff-9d8bde189621/scoreboard','2024-01-07 20:41:57'),('a78121d4-f314-4836-a60a-a603a2f67693','aab9b8bd-a93d-44e9-aa89-e5e8d47a9f3a','<strong>Đồ án</strong>\'s grading in <strong>Lập trình Game</strong> has been finalized','/student/class/2693a1d6-6e8d-426b-81ff-9d8bde189621/scoreboard','2024-01-07 20:43:16'),('a9641b0e-2af7-4f09-b46e-ebc0f9995bbb','77295ffd-f7ab-4f65-8d13-774e64e4f5c7','<strong>CK</strong>\'s grading in <strong>Lập trình Game</strong> has been finalized','/student/class/2693a1d6-6e8d-426b-81ff-9d8bde189621/scoreboard','2024-01-07 20:43:16'),('aa58d6aa-658e-4483-a47c-fb183bcc3ac8','94d539b4-8a61-499e-a07a-c45c7b3fd7f4','<strong>GK</strong>\'s grading in <strong>Lập trình Game</strong> has been finalized','/student/class/2693a1d6-6e8d-426b-81ff-9d8bde189621/scoreboard','2024-01-07 20:43:16'),('add3ce8a-f885-494f-a701-8da07df2b2ee','94d539b4-8a61-499e-a07a-c45c7b3fd7f4','<strong>Đồ án</strong>\'s grading in <strong>Lập trình Game</strong> has been finalized','/student/class/2693a1d6-6e8d-426b-81ff-9d8bde189621/scoreboard','2024-01-07 20:43:16'),('af862b0c-4283-43b9-991b-8be3fb4318dc','22bd39e6-0bc7-4273-b333-221bcef6467e','<strong>BTLT2</strong>\'s grading in <strong>Lập trình mobile</strong> has been finalized','/student/class/34b22a19-2257-404d-a92b-a7656d445158/scoreboard','2024-01-07 21:02:54'),('b040b00e-6161-43b7-b7e0-23d54ef44c3a','16e45063-8614-4884-b137-a8810cf1c315','<strong>BTVN1</strong>\'s grading in <strong>Lập trình Game</strong> has been finalized','/student/class/2693a1d6-6e8d-426b-81ff-9d8bde189621/scoreboard','2024-01-07 20:41:57'),('b27dd8ad-1df4-4d85-b2c8-ac7a8e04b956','29dd021c-6566-442f-942a-0c8b99e5ac10','<strong>GK</strong>\'s grading in <strong>Lập trình Game</strong> has been finalized','/student/class/2693a1d6-6e8d-426b-81ff-9d8bde189621/scoreboard','2024-01-07 20:43:16'),('b4035634-337d-4d39-8c77-013fc70f48cc','8174c8c6-22a1-424a-8957-dd85d3e4f8c1','<strong>BTLT2</strong>\'s grading in <strong>Lập trình mobile</strong> has been finalized','/student/class/34b22a19-2257-404d-a92b-a7656d445158/scoreboard','2024-01-07 21:02:54'),('b5dbe0f2-31a4-4f2f-a2cd-e0c27793baf3','8174c8c6-22a1-424a-8957-dd85d3e4f8c1','<strong>GK</strong>\'s grading in <strong>Nhập môn công nghệ phần mềm</strong> has been finalized','/student/class/d8cdf1ff-76c3-491c-b84b-2d36b3d7ed16/scoreboard','2024-01-07 21:01:33'),('b78957e4-b65d-4759-830b-2fefc7907f79','e21218b8-2bd3-4939-9089-4245bcd1bd93','A student in <strong>Lập trình Game</strong> has responded to your <strong>Điểm cộng</strong>\'s grade review.','/teacher/class/2693a1d6-6e8d-426b-81ff-9d8bde189621/grade-review/detail?gradeid=8faff943-fb74-4980-9d29-06b0afc651b1&userid=f595cdb2-fc83-4143-9704-b4c79051da37','2024-01-07 20:47:45'),('bd48d680-dc1e-4d0a-8133-67cfb1639748','8174c8c6-22a1-424a-8957-dd85d3e4f8c1','<strong>Thuyết trình nhóm</strong>\'s grading in <strong>Tư tưởng Hồ Chí Minh</strong> has been finalized','/student/class/41564550-363a-4feb-8981-fbea4e3d4cd8/scoreboard','2024-01-07 21:06:27'),('c14c7b95-f6ef-4e4b-b602-a1c173e820f8','aab9b8bd-a93d-44e9-aa89-e5e8d47a9f3a','<strong>Video</strong>\'s grading in <strong>Tư tưởng Hồ Chí Minh</strong> has been finalized','/student/class/41564550-363a-4feb-8981-fbea4e3d4cd8/scoreboard','2024-01-07 21:07:06'),('c17b4cda-ecd9-4dbd-aea5-c8e0c1057101','57ee3caa-b166-40cb-be3e-75f953f712ec','<strong>CK</strong>\'s grading in <strong>Lập trình Game</strong> has been finalized','/student/class/2693a1d6-6e8d-426b-81ff-9d8bde189621/scoreboard','2024-01-07 20:43:16'),('c7e52abe-acae-4aad-9f85-5072290e7cff','7e65df13-7709-4ef4-81a6-ff50905b93d6','A final decision has been made on your <strong>CK</strong>\'s mark review in <strong>Lập trình Game</strong>.','/student/class/2693a1d6-6e8d-426b-81ff-9d8bde189621/scoreboard/grade-review/detail?gradeid=237fcd9a-00df-4971-b297-82b6acccf9de&userid=7e65df13-7709-4ef4-81a6-ff50905b93d6','2024-01-07 20:47:04'),('c8246f87-b38e-4574-a85c-0ce2130882e4','57ee3caa-b166-40cb-be3e-75f953f712ec','<strong>Điểm cộng</strong>\'s grading in <strong>Lập trình Game</strong> has been finalized','/student/class/2693a1d6-6e8d-426b-81ff-9d8bde189621/scoreboard','2024-01-07 20:43:16'),('c8467b7b-36c7-4f41-b5e3-fb572dc083c7','29dd021c-6566-442f-942a-0c8b99e5ac10','<strong>Đồ án</strong>\'s grading in <strong>Lập trình Game</strong> has been finalized','/student/class/2693a1d6-6e8d-426b-81ff-9d8bde189621/scoreboard','2024-01-07 20:43:16'),('c986904c-3c8a-4b77-a328-034d96909059','7e65df13-7709-4ef4-81a6-ff50905b93d6','<strong>GK</strong>\'s grading in <strong>Nhập môn công nghệ phần mềm</strong> has been finalized','/student/class/d8cdf1ff-76c3-491c-b84b-2d36b3d7ed16/scoreboard','2024-01-07 21:01:33'),('ca4d0655-9cb0-4757-b6e7-25ee71096767','7e65df13-7709-4ef4-81a6-ff50905b93d6','<strong>Đồ án</strong>\'s grading in <strong>Lập trình Game</strong> has been finalized','/student/class/2693a1d6-6e8d-426b-81ff-9d8bde189621/scoreboard','2024-01-07 20:43:16'),('ca7a40d8-125e-4c96-b399-689a6a12e73b','94d539b4-8a61-499e-a07a-c45c7b3fd7f4','<strong>GK</strong>\'s grading in <strong>Nhập môn công nghệ phần mềm</strong> has been finalized','/student/class/d8cdf1ff-76c3-491c-b84b-2d36b3d7ed16/scoreboard','2024-01-07 21:01:33'),('d5893b1a-357f-4292-a501-1c1ea8893108','4d6bca43-356d-4f2e-8069-7955e0d3fe37','<strong>BTLT1</strong>\'s grading in <strong>Lập trình mobile</strong> has been finalized','/student/class/34b22a19-2257-404d-a92b-a7656d445158/scoreboard','2024-01-07 20:56:56'),('d6e416a4-8de3-49a8-b5b5-9a53098ef3c6','57ee3caa-b166-40cb-be3e-75f953f712ec','<strong>Đồ án</strong>\'s grading in <strong>Lập trình Game</strong> has been finalized','/student/class/2693a1d6-6e8d-426b-81ff-9d8bde189621/scoreboard','2024-01-07 20:43:16'),('da254205-3ef7-4127-9119-c6ffe7d01b55','94d539b4-8a61-499e-a07a-c45c7b3fd7f4','A final decision has been made on your <strong>BTVN2</strong>\'s mark review in <strong>Lập trình Game</strong>.','/student/class/2693a1d6-6e8d-426b-81ff-9d8bde189621/scoreboard/grade-review/detail?gradeid=244b052d-6f37-4d16-83a7-bb72152df627&userid=94d539b4-8a61-499e-a07a-c45c7b3fd7f4','2024-01-07 20:47:15'),('ddb65a3c-c326-4cca-84de-07571215b181','7e65df13-7709-4ef4-81a6-ff50905b93d6','<strong>CK</strong>\'s grading in <strong>Lập trình Game</strong> has been finalized','/student/class/2693a1d6-6e8d-426b-81ff-9d8bde189621/scoreboard','2024-01-07 20:43:16'),('e375100b-0666-4eed-af0a-b4209d31c2c6','aab9b8bd-a93d-44e9-aa89-e5e8d47a9f3a','<strong>CK</strong>\'s grading in <strong>Lập trình Game</strong> has been finalized','/student/class/2693a1d6-6e8d-426b-81ff-9d8bde189621/scoreboard','2024-01-07 20:43:16'),('e40d74ec-247d-41e8-819f-b2060eb94cd7','29dd021c-6566-442f-942a-0c8b99e5ac10','<strong>BTLT1</strong>\'s grading in <strong>Lập trình mobile</strong> has been finalized','/student/class/34b22a19-2257-404d-a92b-a7656d445158/scoreboard','2024-01-07 20:56:56'),('e6ff9dd4-284d-4842-8813-59624008ad87','4d6bca43-356d-4f2e-8069-7955e0d3fe37','<strong>BTLT2</strong>\'s grading in <strong>Lập trình mobile</strong> has been finalized','/student/class/34b22a19-2257-404d-a92b-a7656d445158/scoreboard','2024-01-07 21:02:54'),('e710d09b-db54-492f-a8a7-0f14d58d11da','7e65df13-7709-4ef4-81a6-ff50905b93d6','<strong>BTVN1</strong>\'s grading in <strong>Lập trình Game</strong> has been finalized','/student/class/2693a1d6-6e8d-426b-81ff-9d8bde189621/scoreboard','2024-01-07 20:41:57'),('e9b0cd81-e727-4f9e-b0fc-17fe057cfbff','94d539b4-8a61-499e-a07a-c45c7b3fd7f4','<strong>BTLT1</strong>\'s grading in <strong>Lập trình mobile</strong> has been finalized','/student/class/34b22a19-2257-404d-a92b-a7656d445158/scoreboard','2024-01-07 20:56:56'),('ea4f84bb-6155-4451-9413-3806154d140f','f595cdb2-fc83-4143-9704-b4c79051da37','<strong>Video</strong>\'s grading in <strong>Tư tưởng Hồ Chí Minh</strong> has been finalized','/student/class/41564550-363a-4feb-8981-fbea4e3d4cd8/scoreboard','2024-01-07 21:07:06'),('ec931a2b-3817-4a32-8da1-03be3ee4a7e2','16e45063-8614-4884-b137-a8810cf1c315','<strong>Thuyết trình nhóm</strong>\'s grading in <strong>Tư tưởng Hồ Chí Minh</strong> has been finalized','/student/class/41564550-363a-4feb-8981-fbea4e3d4cd8/scoreboard','2024-01-07 21:06:27'),('ed5993bb-a92d-4e00-ba68-c1d38042fe2e','94d539b4-8a61-499e-a07a-c45c7b3fd7f4','<strong>BTVN2</strong>\'s grading in <strong>Lập trình Game</strong> has been finalized','/student/class/2693a1d6-6e8d-426b-81ff-9d8bde189621/scoreboard','2024-01-07 20:43:16'),('eeea15d3-5264-4ee5-8da9-1127bd5731d0','f595cdb2-fc83-4143-9704-b4c79051da37','<strong>Thuyết trình nhóm</strong>\'s grading in <strong>Tư tưởng Hồ Chí Minh</strong> has been finalized','/student/class/41564550-363a-4feb-8981-fbea4e3d4cd8/scoreboard','2024-01-07 21:06:27'),('f0818ef0-8204-4217-b9ce-a8b600164d5d','16e45063-8614-4884-b137-a8810cf1c315','<strong>GK</strong>\'s grading in <strong>Lập trình Game</strong> has been finalized','/student/class/2693a1d6-6e8d-426b-81ff-9d8bde189621/scoreboard','2024-01-07 20:43:16'),('f4711abb-5c8d-487a-a285-6d320ee892da','4d6bca43-356d-4f2e-8069-7955e0d3fe37','<strong>Điểm cộng</strong>\'s grading in <strong>Lập trình Game</strong> has been finalized','/student/class/2693a1d6-6e8d-426b-81ff-9d8bde189621/scoreboard','2024-01-07 20:43:16'),('f48f6162-3531-4d7f-8b02-d6824930b8df','22bd39e6-0bc7-4273-b333-221bcef6467e','<strong>BTVN1</strong>\'s grading in <strong>Lập trình Game</strong> has been finalized','/student/class/2693a1d6-6e8d-426b-81ff-9d8bde189621/scoreboard','2024-01-07 20:41:57'),('f899e250-854c-4757-ba80-d976e9f344d2','22bd39e6-0bc7-4273-b333-221bcef6467e','<strong>Video</strong>\'s grading in <strong>Tư tưởng Hồ Chí Minh</strong> has been finalized','/student/class/41564550-363a-4feb-8981-fbea4e3d4cd8/scoreboard','2024-01-07 21:07:06'),('fc86fcf4-a897-40ca-8b32-264dec7b989d','f595cdb2-fc83-4143-9704-b4c79051da37','A final decision has been made on your <strong>Điểm cộng</strong>\'s mark review in <strong>Lập trình Game</strong>.','/student/class/2693a1d6-6e8d-426b-81ff-9d8bde189621/scoreboard/grade-review/detail?gradeid=8faff943-fb74-4980-9d29-06b0afc651b1&userid=f595cdb2-fc83-4143-9704-b4c79051da37','2024-01-07 20:47:58'),('fecf255c-c812-4a8e-a628-2e23ac2248df','77295ffd-f7ab-4f65-8d13-774e64e4f5c7','<strong>GK</strong>\'s grading in <strong>Lập trình Game</strong> has been finalized','/student/class/2693a1d6-6e8d-426b-81ff-9d8bde189621/scoreboard','2024-01-07 20:43:16'),('fee0bac4-ace5-4646-a177-ac55c4173af5','77295ffd-f7ab-4f65-8d13-774e64e4f5c7','<strong>BTVN1</strong>\'s grading in <strong>Lập trình Game</strong> has been finalized','/student/class/2693a1d6-6e8d-426b-81ff-9d8bde189621/scoreboard','2024-01-07 20:41:57'),('ff950252-2fb5-429c-a7e7-c4bd8beeec07','57ee3caa-b166-40cb-be3e-75f953f712ec','<strong>BTLT2</strong>\'s grading in <strong>Lập trình mobile</strong> has been finalized','/student/class/34b22a19-2257-404d-a92b-a7656d445158/scoreboard','2024-01-07 21:02:54');
/*!40000 ALTER TABLE `notifications` ENABLE KEYS */;
UNLOCK TABLES;

LOCK TABLES `overall_grades` WRITE;
/*!40000 ALTER TABLE `overall_grades` DISABLE KEYS */;
INSERT INTO `overall_grades` VALUES ('2693a1d6-6e8d-426b-81ff-9d8bde189621','20127001',9.4),('34b22a19-2257-404d-a92b-a7656d445158','20127001',1.7),('41564550-363a-4feb-8981-fbea4e3d4cd8','20127001',2),('d8cdf1ff-76c3-491c-b84b-2d36b3d7ed16','20127001',5.8),('df4330fd-c93b-4113-9e46-ece37cce399c','20127001',4.5),('2693a1d6-6e8d-426b-81ff-9d8bde189621','20127013',9.93),('34b22a19-2257-404d-a92b-a7656d445158','20127013',1.75),('41564550-363a-4feb-8981-fbea4e3d4cd8','20127013',2),('d8cdf1ff-76c3-491c-b84b-2d36b3d7ed16','20127013',5.5),('df4330fd-c93b-4113-9e46-ece37cce399c','20127013',5.7),('2693a1d6-6e8d-426b-81ff-9d8bde189621','20127100',9.95),('34b22a19-2257-404d-a92b-a7656d445158','20127100',1.7),('41564550-363a-4feb-8981-fbea4e3d4cd8','20127100',2),('d8cdf1ff-76c3-491c-b84b-2d36b3d7ed16','20127100',5.2),('df4330fd-c93b-4113-9e46-ece37cce399c','20127100',5.7),('2693a1d6-6e8d-426b-81ff-9d8bde189621','20127343',9.54),('34b22a19-2257-404d-a92b-a7656d445158','20127343',1.8),('41564550-363a-4feb-8981-fbea4e3d4cd8','20127343',2),('d8cdf1ff-76c3-491c-b84b-2d36b3d7ed16','20127343',5.5),('df4330fd-c93b-4113-9e46-ece37cce399c','20127343',5.4),('2693a1d6-6e8d-426b-81ff-9d8bde189621','20127352',8.5),('34b22a19-2257-404d-a92b-a7656d445158','20127352',1.5),('41564550-363a-4feb-8981-fbea4e3d4cd8','20127352',2),('d8cdf1ff-76c3-491c-b84b-2d36b3d7ed16','20127352',5.8),('df4330fd-c93b-4113-9e46-ece37cce399c','20127352',5.4),('2693a1d6-6e8d-426b-81ff-9d8bde189621','20127370',9.7),('34b22a19-2257-404d-a92b-a7656d445158','20127370',1.6),('41564550-363a-4feb-8981-fbea4e3d4cd8','20127370',2),('d8cdf1ff-76c3-491c-b84b-2d36b3d7ed16','20127370',5.6),('df4330fd-c93b-4113-9e46-ece37cce399c','20127370',5.7),('2693a1d6-6e8d-426b-81ff-9d8bde189621','20127376',9.22),('34b22a19-2257-404d-a92b-a7656d445158','20127376',1.7),('41564550-363a-4feb-8981-fbea4e3d4cd8','20127376',2),('d8cdf1ff-76c3-491c-b84b-2d36b3d7ed16','20127376',5.1),('df4330fd-c93b-4113-9e46-ece37cce399c','20127376',6),('2693a1d6-6e8d-426b-81ff-9d8bde189621','20127475',9.1),('34b22a19-2257-404d-a92b-a7656d445158','20127475',1.65),('41564550-363a-4feb-8981-fbea4e3d4cd8','20127475',2),('d8cdf1ff-76c3-491c-b84b-2d36b3d7ed16','20127475',4.8),('df4330fd-c93b-4113-9e46-ece37cce399c','20127475',4.8),('2693a1d6-6e8d-426b-81ff-9d8bde189621','20127575',9.76),('34b22a19-2257-404d-a92b-a7656d445158','20127575',1.7),('41564550-363a-4feb-8981-fbea4e3d4cd8','20127575',2),('d8cdf1ff-76c3-491c-b84b-2d36b3d7ed16','20127575',5.2),('df4330fd-c93b-4113-9e46-ece37cce399c','20127575',5.1),('2693a1d6-6e8d-426b-81ff-9d8bde189621','20127592',9.85),('34b22a19-2257-404d-a92b-a7656d445158','20127592',1.8),('41564550-363a-4feb-8981-fbea4e3d4cd8','20127592',1.9),('d8cdf1ff-76c3-491c-b84b-2d36b3d7ed16','20127592',5),('df4330fd-c93b-4113-9e46-ece37cce399c','20127592',5.4),('2693a1d6-6e8d-426b-81ff-9d8bde189621','20127610',9.43),('34b22a19-2257-404d-a92b-a7656d445158','20127610',1.6),('41564550-363a-4feb-8981-fbea4e3d4cd8','20127610',2),('d8cdf1ff-76c3-491c-b84b-2d36b3d7ed16','20127610',5.4),('df4330fd-c93b-4113-9e46-ece37cce399c','20127610',5.4);
/*!40000 ALTER TABLE `overall_grades` ENABLE KEYS */;
UNLOCK TABLES;

LOCK TABLES `password_reset_tokens` WRITE;
/*!40000 ALTER TABLE `password_reset_tokens` DISABLE KEYS */;
INSERT INTO `password_reset_tokens` VALUES ('92a36ad0-85b8-4bb7-9ce9-cbd32dc2c328','9ff81a24f6e2f4607e8a89bd44631c3de035f7715ea483f0c393e0fa1e9f4c80');
/*!40000 ALTER TABLE `password_reset_tokens` ENABLE KEYS */;
UNLOCK TABLES;
